TaxoName,sensitiveSample_1,sensitiveSample_2,sensitiveSample_3,sensitiveSample_4,sensitiveSample_5,sensitiveSample_6,sensitiveSample_7,sensitiveSample_8,sensitiveSample_9,sensitiveSample_10,sensitiveSample_11,sensitiveSample_12,sensitiveSample_13,tolerantSample_1,tolerantSample_2,tolerantSample_3,tolerantSample_4,tolerantSample_5,tolerantSample_6,tolerantSample_7,tolerantSample_8,tolerantSample_9,tolerantSample_10,tolerantSample_11,tolerantSample_12,tolerantSample_13,tolerantSample_14,tolerantSample_15,tolerantSample_16,tolerantSample_17,tolerantSample_18,tolerantSample_19,tolerantSample_20
CE(14:1),2.4676,1.047,4.1583,9.8829,0.569,0.9471,1.0025,1.1512,1.4703,2.0035,0.5208,9.3095,2.3178,1.1011,1.8852,0.5348,1.1787,2.1872,0.3572,1.1499,0.5735,0.4685,0.9927,1.2081,6.2218,0.8896,0.7512,0.758,0.7194,2.0686,0.3112,1.2704,0.564
CE(17:0),2.8001,1.0897,2.6823,3.4833,0.305,0.8729,0.966,0.9915,5.7805,3.5398,0.3545,3.1808,1.9251,1.1661,2.819,0.2698,1.3975,2.2139,0.3566,0.7812,0.6109,0.6008,1.4281,0.5575,2.3223,0.7938,0.6169,0.2041,0.7891,1.2569,0.4054,1.4388,0.5064
CE(18:3),2.3647,1.5857,9.3319,2.1124,0.509,0.6445,1.8416,1.4226,1.5802,1.7889,0.6002,2.4831,2.4075,1.8317,1.6874,0.342,1.2894,0.9945,0.6744,0.6294,0.5911,0.3451,1.3906,0.5434,1.4352,0.5546,0.618,0.7488,1.0195,0.6262,0.2423,0.4976,1.0055
CE(18:4),2.2188,1.0152,6.2313,3.7849,0.4821,1.1091,0.997,1.3276,2.5459,3.7637,0.6039,4.1681,1.99,1.0005,2.1027,0.6445,1.1852,2.9047,0.5272,0.6189,1.0668,0.5563,1.0139,0.9372,2.5791,1.0355,1.8103,0.5171,0.9995,0.9247,0.8552,1.0872,0.6643
CE(20:1),2.6192,1.0049,2.7443,2.3213,0.4055,0.7621,0.9473,1.2413,1.8153,2.4072,0.2543,2.3862,3.5618,1.4659,2.2618,0.3651,1.4337,2.5163,0.4556,1.2395,0.6062,0.4448,2.0515,0.8332,1.6169,0.6088,2.0884,0.3765,0.6665,0.7618,0.296,0.7148,0.6038
CE(22:0),1.6934,0.841,2.3735,5.9043,0.3338,1.0385,1.0261,1.2188,1.6275,3.749,0.4354,3.858,1.8749,1.2915,2.6698,0.3698,1.2192,2.3341,0.5745,1.1959,0.5734,0.465,0.7735,0.8351,2.7821,0.543,1.0838,0.4261,0.5963,1.0045,0.9955,0.7778,0.5203
CE(22:4),4.0283,1.3042,3.3147,2.5328,0.3798,1.1152,1.3152,2.4522,2.2842,3.4865,0.3579,1.9851,6.8537,1.557,2.0383,1.0075,1.0958,2.9921,0.5451,0.4441,1.3539,0.4088,3.9415,1.3166,1.4556,0.9687,2.7895,0.2271,0.8762,0.6212,0.4425,0.9819,0.8963
CE(24:1),1.4394,0.7849,1.7466,3.1534,0.4493,1.2586,0.9163,1.3708,2.4258,3.6462,0.5213,2.111,1.7409,1.533,2.128,0.5667,1.1251,2.3544,0.7149,1.1444,1.1146,0.6,1.1056,0.8657,1.5056,0.8187,1.251,0.4521,0.7597,0.5935,0.467,0.7644,0.8183
CER(16:0),4.0082,2.4643,2.1974,2.0316,1.0902,0.7913,2.0824,0.4395,1.1887,3.8026,1.01,1.9154,1.0996,0.5532,1.1355,0.2746,1.5759,0.6736,2.0409,0.5004,2.2042,0.329,3.9769,0.6162,1.0572,0.4942,0.2627,0.2639,0.9544,0.4267,0.4204,0.4079,1.6259
CER(18:0),6.7614,2.5248,3.8893,2.3326,0.9939,0.994,1.8917,0.5486,0.9253,10.0731,0.5146,1.7113,2.392,0.9647,2.3574,0.824,1.9734,0.4625,1.4214,0.55,1.8753,0.3014,4.8431,1.2758,1.6806,0.8661,0.3201,0.3442,1.0167,0.49,0.9749,0.4215,1.9244
CER(20:0),4.0512,1.9962,2.553,3.9829,0.9053,0.9543,1.9401,0.6029,1.0292,5.0783,1.0208,1.963,1.1906,0.6806,0.9507,0.5877,2.0044,0.5806,1.4891,0.7493,2.0224,0.4067,5.3841,1.1156,1.9527,0.8899,0.5136,0.3355,0.5503,0.6278,0.5003,0.3304,2.1067
CER(22:0),4.13,2.9776,3.9224,3.4525,0.7303,0.9598,1.8583,0.2655,1.7138,2.6124,1.0134,2.2183,0.9563,0.5091,0.6293,0.3341,2.4327,0.3691,1.923,1.0094,3.5122,0.5047,4.9529,0.5744,1.4631,0.5666,0.2159,0.2192,0.692,0.4738,0.3351,0.3497,1.6751
CER(22:1),3.2141,1.7998,4.4974,9.2275,0.7032,1.4369,1.1205,0.4748,1.6409,3.7651,0.8266,4.9895,2.1769,0.664,0.6601,0.5204,1.6481,0.8885,1.097,0.9226,2.4738,0.7743,2.2912,0.7922,3.2741,0.769,0.4899,0.6332,0.8637,1.244,0.535,0.5076,0.9938
CER(24:0),3.5581,3.3577,3.7989,3.6904,0.8651,0.8746,2.0209,0.3321,1.4688,2.8866,0.9714,2.0885,1.1615,0.5951,0.6416,0.3216,2.2815,0.5357,1.8369,0.7872,2.7408,0.4088,5.5244,0.6846,1.5907,0.5749,0.27,0.2386,0.7651,0.5093,0.2547,0.3706,1.721
CER(24:1),3.2277,3.5562,2.8167,3.1435,0.5898,0.8765,2.2627,0.2991,1.2271,3.2514,0.8585,1.9892,1.0779,0.5818,0.5663,0.28,1.768,0.4258,1.619,0.7432,2.5967,0.3717,4.4337,0.7646,1.5732,0.5116,0.1913,0.2547,0.6503,0.457,0.1904,0.3165,1.5639
CER(26:1),2.21,1.7153,2.3557,2.228,1.4846,1.7702,0.9422,0.7685,1.1246,3.2113,0.5423,0.7725,1.9852,0.6557,2.2066,0.9037,1.5896,4.408,0.9589,0.7483,1.0356,0.6275,1.3825,1.4301,1.086,1.0191,0.8325,1.4036,0.5366,1.0477,0.7302,0.8725,0.9809
DAG(14:0/18:3),1.6497,2.1174,1.3293,46.9234,0.9547,1.4596,1.8212,0.7897,1.0001,2.0935,1.7932,31.2288,2.4718,0.5086,1.4295,0.5987,1.0881,0.9528,1.0666,0.8174,1.6208,0.4182,2.0647,0.9702,20.5816,0.535,1.1792,0.7588,1.4921,3.3865,0.7655,0.9229,1.4431
DAG(14:0/20:0),2.0822,1.5201,0.2384,4.3167,0.8293,1.6224,0.52,1.2914,1.4026,3.482,1.3777,3.7169,1.9518,0.5107,1.5438,0.8038,0.4915,1.8011,0.9212,1.3361,1.2841,0.5596,0.8868,1.6617,2.6756,0.8933,1.0815,0.2902,1.1249,1.0398,0.6172,2.7854,1.2259
DAG(14:0/22:6),3.0552,1.1775,1.9455,283.3693,0.5945,2.126,1.3246,0.7719,0.8227,3.8397,1.2895,204.6153,11.5795,0.5858,1.5742,0.8682,1.1492,1.5469,0.5855,1.5203,1.2598,1.0546,1.5534,2.217,173.0111,0.6125,1.6239,0.5148,0.9148,26.0839,0.608,1.1433,0.9527
DAG(16:0/16:1),0.6789,2.3031,0.5403,0.9191,0.8324,1.7772,2.5076,1.0401,1.8379,1.6985,2.1221,1.6484,1.6472,0.9291,1.3902,0.8336,0.9903,0.5052,0.6512,1.5839,1.467,1.1558,1.3726,1.7627,0.6986,0.7394,0.6682,0.1333,1.0599,0.8034,0.7221,1.2899,1.6387
DAG(16:0/18:3),1.2529,1.0299,1.1348,30.6641,1.8864,1.3204,3.1079,1.0086,1.98,0.9337,1.3282,22.1729,1.4519,0.7242,3.7539,1.4467,0.8054,0.8047,1.0379,0.8583,0.9545,0.4652,0.6788,0.6657,13.1983,0.3908,0.9914,0.598,3.6082,2.161,0.5039,1.4246,0.5093
DAG(16:0/20:3),1.3185,3.9263,1.5205,2.0233,0.4269,0.9584,1.0433,1.4719,0.8142,1.5184,1.5536,2.4465,1.3118,1.2168,0.8302,1.5954,1.0235,1.3111,1.3871,0.7707,1.0551,0.739,0.8975,1.2457,1.6168,0.4155,0.8211,1.1758,0.7093,0.9151,1.346,0.9772,1.1568
DAG(16:0/20:5),1.4826,1.1092,2.7277,3.3793,0.518,1.4458,0.8761,1.2333,1.0114,2.0943,0.8813,2.5857,1.3132,0.8379,1.5306,1.2743,1.1492,1.4204,0.6121,0.6354,1.2815,0.5941,1.2218,0.9886,1.686,1.0485,0.9108,0.8013,0.7547,1.5666,0.7314,1.0752,1.1947
DAG(16:0/22:5),1.1996,2.1134,1.087,8.0125,0.9066,0.9936,1.1386,1.3804,1.3947,1.3175,1.8426,4.2578,0.9947,1.0575,0.998,1.8587,0.9971,1.0019,0.8486,0.6952,2.3544,0.4618,1.7015,1.0249,2.8689,0.522,0.7872,0.9967,0.8735,1.1733,0.7266,1.0208,1.4709
DAG(16:1/18:0),1.2167,1.3528,1.0252,10.2085,0.5837,1.1123,1.8233,1.0024,2.2491,2.8249,0.7333,6.6653,1.9909,0.6849,1.19,0.9425,0.6612,0.4249,0.9976,0.8016,1.5456,0.5547,1.3809,0.6839,4.4199,0.542,0.5804,0.3109,0.7147,2.2218,1.1515,2.3396,0.9929
DAG(16:1/18:1),1.5731,1.2336,1.2745,1.1116,0.6995,1.2506,4.6991,0.8104,4.169,1.245,0.5464,2.5811,1.8127,0.4507,2.4736,0.5417,0.7732,0.5021,0.3651,1.1236,2.6224,0.6355,1.989,0.9866,1.2873,0.4808,0.4666,0.7352,1.026,1.0831,0.9918,5.5601,0.6982
DAG(16:1/18:2),6.0045,0.7921,3.3012,28.6522,0.8741,1.2147,5.6879,0.8351,1.7643,1.0595,0.8675,15.4617,2.3088,0.5457,3.0503,0.9767,1.1568,0.9967,0.5552,1.2125,2.1611,0.5883,2.3749,1.3118,10.6966,0.4334,0.5551,0.3174,1.7092,2.429,0.4653,3.0159,0.9071
DAG(16:1/18:3),3.0415,1.3468,1.4785,11.9216,0.911,1.2169,2.1455,0.9028,1.796,1.4591,1.4402,5.9784,2.3691,0.5591,1.3904,1.0507,1.8822,0.9124,0.4433,0.7436,1.2896,0.6951,1.5761,1.7724,5.0858,0.5013,0.7385,0.4062,0.9644,1.2456,0.4825,0.9078,1.6692
DAG(16:1/20:0),1.8615,1.1444,0.1518,6.5491,0.7767,1.557,0.6705,1.3428,3.4692,4.0551,1.1464,3.4724,1.8011,0.4482,2.5015,0.7584,0.6113,2.0545,0.8231,1.6081,2.0525,0.5743,1.1231,1.4164,3.2697,0.8906,0.8201,0.1624,0.6478,1.1384,0.4739,1.4398,1.3531
DAG(16:1/20:2),2.0088,0.6511,4.5507,4.6085,0.7095,1.5694,1.3887,0.8261,1.6866,1.5475,0.5539,7.5296,2.4775,0.4438,2.3778,0.8639,0.9202,0.8988,0.7775,1.0588,0.9282,0.5063,1.0954,0.9507,2.006,0.3342,0.7636,0.3734,2.1731,1.3005,0.3785,5.1518,0.6171
DAG(16:1/20:4),2.447,1.3002,2.0278,3.4278,0.5327,1.3554,1.2288,1.182,0.9336,5.3364,1.0708,3.6243,2.0326,0.7097,1.4136,2.4112,1.1955,2.9687,0.6651,1.2197,1.9949,0.6208,1.3232,1.0532,1.9718,0.7869,0.8399,0.5758,0.9695,1.3261,0.6442,0.7939,0.9793
DAG(18:0/18:1),1.3796,1.4998,5.7423,0.4997,1.2551,2.2464,2.6151,1.2146,2.2541,0.7228,0.8209,7.4903,0.8149,0.7349,2.1586,1.2807,0.4864,0.421,1.3367,1.0803,1.2195,0.5644,1.0924,0.8578,0.5048,0.5016,0.6999,0.3846,3.1189,1.6803,0.5443,11.6865,0.7393
DAG(18:0/18:2),1.5289,1.6389,9.9002,1.4926,2.1818,1.6199,3.044,1.4998,2.6504,0.7759,0.3977,10.843,0.392,0.6145,3.8236,0.8702,0.7906,0.963,1.3189,1.4692,1.0947,0.5574,0.8149,0.6571,0.7521,0.2607,0.6666,0.3042,5.6138,0.9074,0.5466,9.2268,0.479
DAG(18:0/18:3),1.7132,0.9944,3.2672,0.6481,1.7895,1.7624,2.3322,1.2003,2.0492,1.5194,1.0863,6.2366,0.7487,0.7399,3.1038,1.117,0.5953,2.31,1.0236,0.9931,0.9664,0.4887,0.7526,0.6592,0.7562,0.5582,0.9631,0.6244,4.1194,0.7835,0.4486,3.6172,0.495
DAG(18:1/20:1),0.8962,0.7297,3.5681,15.5772,1.3725,2.7602,1.4475,0.7223,1.9486,1.1931,0.5976,15.289,1.8554,0.4778,3.9161,1.099,0.4219,0.5549,0.9504,1.5018,0.8632,0.4174,1.3885,1.1559,5.9505,0.404,0.7453,0.533,2.7983,1.2989,0.4021,12.042,0.7347
DAG(18:1/20:3),4.1338,1.1619,3.2281,5.3305,0.9084,6.9087,1.0789,1.4943,0.6748,2.251,1.5014,1.7439,1.6198,0.3171,2.6685,0.6205,0.7586,2.5357,1.0245,0.5511,0.6148,1.4733,0.6974,2.1279,2.1505,3.0261,0.671,0.5824,0.6307,0.7143,0.431,1.0457,1.2907
DAG(18:1/20:4),2.2737,1.265,3.9747,7.8368,0.6353,1.5718,1.9397,1.1486,0.5392,2.0939,1.2411,4.1413,1.6199,0.886,0.9979,3.6335,0.5703,1.6283,1.0638,0.7422,1.1117,0.5156,0.8017,1.5338,3.0599,1.4318,0.7417,0.6368,0.7726,1.7218,0.877,0.6349,0.7015
DAG(18:1/22:4),2.476,1.7394,1.6049,5.0592,1.0206,1.9031,0.8757,1.5247,1.1496,2.1652,1.5014,2.7509,0.9904,1.0174,1.5274,1.4311,0.8289,1.7896,0.7605,0.8378,1.9113,0.6404,0.9809,1.3312,2.304,1.1738,0.8007,0.6067,0.9219,1.2553,0.4641,0.9689,1.0079
DAG(18:1/22:5),2.1341,1.3303,1.7244,5.2826,0.9331,1.4371,1.1334,1.3368,1.2836,2.193,1.7853,2.7385,1.1678,0.6197,1.4337,1.6842,0.8978,1.5419,1.2341,1.0971,1.792,0.5542,1.0804,1.0294,1.6391,0.7662,0.6312,0.8049,0.7336,0.889,0.5887,1.4916,0.9501
DAG(18:1/22:6),2.3545,1.0776,2.9286,5.2964,0.6425,1.4486,1.1924,0.9224,1.3431,2.5901,0.6964,3.3436,2.2131,0.63,1.5781,0.8421,1.0584,3.4002,0.9471,0.8049,1.5719,0.5983,1.4469,0.9232,2.9366,0.8273,0.7285,0.8503,0.9364,1.4538,0.6761,2.2033,0.6961
DAG(18:2/20:3),2.1217,0.9219,4.0784,14.7507,0.7066,4.5371,1.4884,1.1623,0.6113,1.5642,0.7337,7.1388,1.803,0.3237,1.9998,0.7293,0.9388,3.37,1.6309,1.1132,0.9526,1.0825,1.1531,2.4998,5.9583,2.2669,0.584,0.3497,0.9116,0.9684,0.341,0.4736,0.6586
DAG(18:2/20:4),1.7484,0.9357,3.4633,1.951,0.569,2.0779,2.0521,1.0943,0.6755,2.2793,1.0815,1.5478,1.5899,0.6654,1.4959,0.9964,1.2207,3.1964,1.9134,0.9954,1.8816,0.5671,1.2935,2.1888,1.456,1.2269,0.5993,0.4404,0.7487,0.8685,0.4363,0.5855,0.9082
DAG(18:2/22:4),1.705,0.7864,1.5924,2.5475,0.7505,1.535,0.8284,1.6706,2.0102,2.3172,2.0026,1.7604,1.0529,0.5085,1.285,0.8928,0.9684,1.653,0.7532,1.1782,2.7849,0.7284,1.602,1.036,1.8361,0.9621,0.4596,0.2927,1.1884,1.036,0.4094,0.8364,1.2656
DAG(18:2/22:5),2.3602,0.8724,2.7292,6.2238,0.8709,2.0972,1.1133,1.2723,1.9957,2.1981,1.2062,3.0242,1.1662,0.5197,1.8336,0.8901,1.0559,2.6534,1.1176,1.5935,2.5945,0.5239,1.3589,0.8838,2.1458,0.5474,0.638,0.5808,1.5469,0.9138,0.5122,1.9283,1.0013
DCER(22:0),2.8192,1.8925,2.0532,1.2848,1.1267,0.9436,1.1143,0.7384,1.349,2.2439,1.6025,1.2581,1.0435,0.7351,1.1408,0.7318,1.2443,1.3429,1.277,0.7605,1.8589,0.5135,2.5562,1.0313,0.951,0.6985,0.6087,0.5303,0.704,0.5704,0.7836,0.5818,1.2686
DCER(22:1),1.7767,1.8054,2.1936,1.0306,1.3547,0.9014,0.6429,0.9552,0.885,2.0094,1.7946,0.8265,1.2461,0.8458,0.8476,1.0982,1.0686,2.0799,1.2146,0.889,1.2304,0.6915,1.1036,1.0557,0.712,0.8645,0.8153,1.0478,0.8289,0.9073,0.7246,0.7284,1.174
DCER(24:1),3.2625,1.4339,1.5848,1.4064,1.0343,0.9593,0.8868,0.8537,2.3679,2.6091,0.7917,1.0228,1.4975,1.2053,3.4015,0.9837,1.2875,1.7343,1.035,1.406,1.2806,0.6142,1.5995,0.8019,0.8527,0.9437,0.7958,0.6442,0.7664,0.9184,0.6972,0.569,1.0621
FFA(12:0),0.4994,1.0092,1.4011,0.6912,1.7208,0.6693,0.5751,1.1423,0.8352,0.6347,0.7941,0.638,0.7659,3.0426,5.3252,1.8456,1.3985,23.2442,0.6479,0.5518,2.1039,1.1755,0.402,1.0072,0.3637,12.5349,1.126,9.421,23.0857,1.2539,3.4711,32.3041,0.3248
FFA(18:1),0.955,0.9035,1.0975,0.618,0.9809,0.9451,0.72,1.477,0.961,1.0033,0.6212,1.3653,0.7206,1.8604,1.9402,0.8289,1.8016,2.2379,0.5107,0.7475,1.6152,1.3364,0.8732,1.5425,0.5361,1.4065,1.1363,2.4175,1.3784,1.2164,1.2763,1.7337,0.4531
FFA(20:0),1.2128,0.5872,1.4942,0.6132,0.8916,1.3945,0.4403,1.2717,1.4776,1.3798,0.4934,0.5332,1.1226,1.4625,3.3934,1.6233,1.7018,5.2382,0.1878,0.5641,1.4375,0.8972,0.4832,1.9577,0.653,2.0065,2.1233,1.7032,0.8915,0.6138,2.7689,1.7296,0.4051
FFA(22:2),1.0564,0.6003,4.2072,0.2762,0.8164,0.9241,1.0334,1.1654,0.8138,1.1854,0.1794,0.3574,0.8383,1.7318,1.1382,1.2074,1.9926,3.1788,0.1905,0.5357,0.7256,1.2048,1.1713,1.2855,0.3292,0.8657,11.5599,3.782,0.8514,1.3058,2.1878,1.8607,0.3509
HCER(22:1),1.3929,4.9746,0.936,12.1821,0.8782,1.1754,2.3763,0.7105,1.0289,1.4981,3.6594,5.6795,1.015,0.5224,1.1268,0.4879,2.5362,1.6342,3.5138,0.7175,2.2359,0.5297,7.986,0.9517,3.3158,0.5067,0.4821,0.7651,0.9132,0.7545,0.2652,0.6348,1.6756
HCER(24:1),0.8773,16.9162,0.7502,4.7463,1.3635,0.6737,4.1962,1.1027,0.8941,1.6833,6.3355,3.2236,0.4927,0.826,0.9597,0.4976,3.4312,0.9319,5.7124,0.7839,2.907,0.409,19.9988,0.8207,2.3478,0.6068,0.313,0.2013,0.6703,0.6422,0.1472,0.6808,1.8207
HCER(26:0),3.8029,3.0318,1.2518,3.4672,1.0371,1.1529,1.8025,1.5665,2.4619,6.472,1.0214,2.2459,1.8171,1.6288,2.4525,0.5589,1.2286,0.8112,1.9365,0.3849,1.2256,0.2778,2.2206,0.8582,1.2637,0.6259,0.3831,0.2574,0.5389,0.5406,0.7741,0.406,1.4571
HCER(26:1),5.374,5.7854,4.7944,2.2452,0.731,0.7142,2.7183,1.1771,1.9424,4.1754,1.2049,1.5021,1.5083,1.2986,1.9026,0.4767,1.9933,0.5985,1.3746,0.3693,1.1572,0.2117,7.0853,0.5082,0.9299,0.3835,0.3549,1.1659,0.6771,0.6896,0.5297,0.7553,1.5279
LCER(14:0),3.2356,5.2117,1.3157,2.5022,1.9974,0.8291,2.7417,1.0935,1.0016,1.9964,2.5241,1.9586,1.0929,0.6828,1.1949,0.4813,0.9517,0.8108,3.6505,0.7752,1.5022,0.4377,3.0875,0.7103,1.1464,0.4388,0.4334,0.7133,0.7531,0.5812,0.5032,0.7321,2.4102
LCER(16:0),1.5976,14.3889,0.7872,7.1914,4.0359,1.276,8.3971,0.8058,0.7172,1.023,5.9443,4.9323,0.3621,1.5086,0.3845,0.3651,0.5513,0.391,7.3129,1.1072,0.9229,0.5025,10.6256,0.7999,2.4914,0.2016,0.1601,0.2324,1.0989,0.5607,0.1315,0.7693,4.7507
LCER(18:0),1.5647,36.8354,0.9883,5.3938,4.9795,1.55,3.0189,2.2705,0.7262,1.1013,3.1002,6.105,0.6128,1.3808,0.5222,0.6868,0.565,0.3071,3.9548,0.8197,0.9498,0.4206,10.1868,1.2579,2.5753,0.3485,0.2206,0.21,1.0758,0.5441,0.2009,0.6401,5.0206
LCER(18:1),1.2989,1.4408,1.1581,0.958,0.884,1.0128,1.1181,1.0035,1.0559,1.2275,1.1409,1.021,1.0072,0.8179,0.9662,0.975,0.9125,1.127,1.2345,0.9621,0.9549,0.8942,1.3127,1.0389,0.7748,0.9446,0.8511,1.0386,0.8037,0.7226,0.9165,1.0074,1.0533
LCER(20:0),4.5757,13.0573,2.0467,6.8207,3.2763,1.4017,4.7861,1.1364,1.0891,3.422,3.5349,4.7648,0.6771,0.9927,0.969,0.635,0.6069,0.7118,5.1416,1.0964,0.8226,0.3938,8.4702,1.0073,2.5559,0.2683,0.2887,0.3585,0.7495,0.6256,0.2521,0.9199,5.8596
LCER(20:1),5.937,2.5695,2.2853,1.9742,1.1405,1.192,1.625,0.5695,1.7813,3.7245,1.2311,1.9841,1.2925,0.5809,1.6166,0.4056,0.901,1.4265,2.1708,0.6498,1.5125,0.4054,2.2146,0.7887,1.0811,0.4237,0.4323,0.6582,0.8861,0.4762,0.5082,1.4923,1.8487
LCER(22:0),1.7683,17.6495,0.8185,11.1694,6.0438,1.7763,10.2474,0.8573,1.0572,1.1674,9.3383,7.8662,0.4436,0.8705,0.6834,0.4618,0.5324,0.4089,10.6742,1.8318,1.166,0.7649,10.9438,1.0422,2.9009,0.1926,0.1739,0.1419,1.3826,0.7663,0.1476,0.5367,9.1877
LCER(22:1),5.7531,6.36,1.0595,5.6854,2.0177,1.2743,3.3028,0.7321,1.2021,3.0516,2.5034,4.0604,0.6887,0.5648,0.7482,0.5987,0.8368,1.3805,2.9272,0.771,1.3946,0.5017,3.9542,0.937,1.8208,0.5627,0.6115,0.6072,0.6759,0.6821,0.5739,0.6622,2.7267
LCER(24:0),2.0018,18.6421,1.0734,11.3359,5.9306,1.9947,8.2796,0.9655,0.9567,1.0241,7.8888,7.9602,0.5589,1.1396,0.4836,0.6137,0.6151,0.5045,8.221,1.464,0.9497,0.5339,12.0985,1.1437,3.2631,0.2862,0.2345,0.4415,1.5049,0.9387,0.2181,0.7353,6.7862
LCER(24:1),1.18,19.0077,0.6959,11.1965,4.526,1.9628,9.6053,0.98,0.6226,0.9842,7.7027,8.2516,0.5076,1.8,0.5236,0.5064,0.6983,0.5741,7.1065,1.07,1.0148,0.4775,12.1228,0.8954,3.9794,0.2789,0.2419,0.5855,1.2092,0.9944,0.2303,0.6657,5.0747
LCER(26:0),4.6752,3.4007,1.3995,6.0214,1.9766,0.9452,3.0292,0.8274,1.1472,2.543,1.698,3.7647,1.4477,0.5554,1.3531,0.7792,0.8098,0.9913,2.5745,0.5217,1.2924,0.3609,3.8635,0.9183,2.1354,0.4674,0.5826,0.8008,0.6842,0.8554,0.5404,0.5794,2.4928
LCER(26:1),3.9908,2.8258,1.5646,2.3924,1.2829,0.9097,1.5019,0.7943,1.1619,2.3883,1.065,2.2512,1.0811,0.5308,1.0944,0.548,0.9729,1.0271,1.4492,0.3487,0.9941,0.3515,2.4295,0.6255,1.3147,0.3814,0.5162,1.35,0.681,0.5585,0.6567,0.4948,1.6485
LPC(18:0),0.2776,0.7187,1.5851,0.2776,0.5536,2.0642,0.4717,0.2776,0.2776,0.2776,0.4462,0.6758,0.2776,0.2776,0.2776,0.2776,0.2776,0.2776,3.8031,0.2915,0.2776,0.2776,0.2776,0.2776,0.2776,0.2776,0.2776,0.2776,0.2776,0.2776,0.2776,0.2776,0.467
LPE(15:0),1.536,2.1528,1.1702,2.3867,1.549,2.5468,9.3411,0.2344,0.2656,2.1784,0.9953,5.4125,1.4601,0.1442,0.2187,0.1084,3.3286,1.9909,2.2053,0.8704,0.6166,0.7373,1.3699,0.94,0.8279,2.1347,0.3342,0.1803,0.2578,0.1499,0.1516,0.5447,1.6108
LPE(16:0),1.7767,3.43,0.9359,1.9881,2.5143,2.8034,7.0766,0.4628,0.4986,1.4518,1.3661,3.905,2.0611,0.2027,0.2156,0.2793,3.9645,1.1867,3.3403,1.0,1.3394,0.9611,1.0518,0.4986,0.3745,1.7251,0.4004,0.2438,0.8946,0.2035,0.1518,0.9268,2.9698
LPE(17:0),1.3609,1.0944,2.7375,0.9498,1.6432,6.3164,5.6382,0.421,0.5191,1.9086,1.1073,3.2428,1.1392,0.2445,0.6972,0.3822,2.4822,1.5466,1.2044,0.5161,0.7216,0.9275,0.7983,0.9225,1.0785,3.1942,0.2566,0.2445,0.6913,0.4238,0.2445,0.9525,0.8944
MAG(15:0),1.36,1.1475,1.3312,1.48,0.9569,1.2881,1.7002,0.8349,0.9137,1.6309,1.1001,1.48,1.2785,0.6116,0.8452,0.6705,1.5536,1.1904,1.4105,1.099,1.1494,0.6586,1.084,0.8722,1.2228,0.9633,0.5018,0.5841,0.7543,0.7406,0.6199,0.734,1.2087
MAG(16:1),1.3712,1.0178,1.4904,1.0399,0.6549,1.0608,1.4678,0.7053,1.3663,1.0724,1.0888,1.3792,0.941,0.5625,0.8346,1.118,1.5042,1.2364,0.754,1.2312,1.5677,0.5084,0.9781,0.987,0.7026,1.2393,0.6534,0.5667,0.6535,0.6907,0.5886,0.9476,0.7428
MAG(18:3),1.8066,0.8221,1.6714,0.7306,2.133,1.2919,0.9719,1.2504,1.6579,2.0664,1.2934,1.7993,1.5002,0.8577,1.8454,1.1614,0.9059,3.878,1.3727,1.2426,1.7844,0.3608,0.6376,0.6949,0.5693,0.8619,0.7968,0.7255,2.5566,0.6174,0.4626,0.7801,0.5466
MAG(20:0),1.2514,1.1593,1.4882,0.9944,1.1998,0.9487,1.4693,1.3776,2.5367,0.8861,1.3612,4.0358,0.9406,0.9004,0.9977,0.7375,0.848,1.3848,2.3658,0.8367,1.3099,0.4768,1.0614,0.9985,0.5057,0.7485,0.4948,1.0607,0.996,0.9419,0.6397,2.0083,1.3057
MAG(20:1),1.2179,1.0298,2.5567,1.2866,1.0493,1.3118,2.5034,0.9199,2.2768,0.9247,0.7148,6.7266,1.1874,0.492,1.2541,0.5937,0.8108,0.9553,1.7737,1.6591,1.2789,0.3242,1.192,1.0734,0.5342,0.7676,0.5962,0.6058,1.3895,0.68,0.4553,3.6724,0.8463
MAG(20:2),1.4953,1.1975,1.8053,1.7449,1.0119,1.1984,1.8692,1.0136,1.6816,1.3957,0.8918,1.5401,1.1349,0.7692,1.362,0.6085,0.7558,1.4237,1.6447,0.8561,1.4641,0.5483,1.1277,0.9691,0.4658,0.8637,0.9554,0.6413,0.8502,0.7331,0.7772,0.9367,1.0139
MAG(20:3),2.2423,1.4072,1.8762,0.3842,0.6718,0.7525,1.6415,0.9117,1.3679,2.0574,0.8891,0.8668,1.2723,0.6192,1.1446,0.6914,0.7175,1.7718,1.5248,1.1572,1.1325,0.3842,1.2707,1.0402,0.5671,0.8137,0.9188,0.4315,0.6705,0.6783,0.6738,0.5509,1.0343
MAG(20:5),1.7778,1.4371,1.5348,0.4858,1.1161,1.0567,1.4915,1.2655,1.0994,1.508,0.7413,0.7158,1.1243,0.936,1.2474,0.8975,0.6254,1.0601,0.934,0.7053,1.2022,0.553,0.6985,1.0791,0.6318,0.8877,0.9684,0.7027,1.027,1.2103,1.0315,1.1174,1.0361
MAG(22:0),1.1943,2.0642,1.3951,1.168,1.2887,0.8749,3.9934,0.8967,1.2439,0.7129,1.074,2.9745,0.8341,0.585,1.1851,0.5024,0.7584,0.8766,3.247,0.6601,0.8817,0.4259,2.3101,0.7543,0.762,0.5036,0.4668,1.0308,0.7807,0.6873,0.6189,4.914,1.427
MAG(22:1),1.5968,1.2249,1.2453,2.316,1.3172,0.9031,1.1469,1.2044,1.6277,1.2518,0.6861,1.4888,4.284,0.6518,3.8456,0.6639,1.3757,1.2685,3.5808,0.7869,1.2942,0.3506,3.6529,0.8493,1.0,0.6443,0.9101,0.5935,0.8664,0.6078,0.6361,2.0513,1.0583
MAG(22:2),3.51,1.1663,1.6139,0.4404,0.8022,1.3321,1.2234,1.0388,1.6375,4.2094,1.0207,0.9853,1.4966,0.6442,0.994,1.0875,0.9111,4.475,1.2531,0.8928,1.4092,0.5547,1.8364,1.0513,0.9533,0.927,0.994,0.5908,0.9293,0.783,0.802,0.8357,1.2143
MAG(24:0),1.4703,1.631,1.2173,1.5617,0.9709,1.1356,2.739,1.433,2.3365,1.0742,1.1952,2.0309,0.8824,0.4929,1.5197,0.7917,0.7053,0.7366,1.7364,0.8693,1.0029,0.4254,1.6883,0.8156,0.728,0.7494,0.719,1.0656,0.614,0.7591,0.6162,1.8757,1.0539
PE(16:0/15:0),0.3085,9.7871,1.0378,8.0236,1.1791,2.3683,10.0254,0.5694,0.439,16.1,1.3965,10.2904,0.6932,0.3632,0.7997,0.2817,0.4518,2.1038,0.7055,3.7595,0.3151,4.4518,0.6511,4.2452,1.4237,2.5527,2.3495,0.2084,0.7458,0.2644,0.2024,0.6528,0.3382
PE(16:0/16:1),0.3942,4.2044,0.3942,1.1002,0.3942,0.3942,0.4388,0.3942,0.3942,1.8746,0.3942,1.4165,0.3942,0.3942,0.3942,0.3942,0.3942,0.3942,0.3942,0.4481,0.3942,0.3942,0.3942,1.0,0.3942,0.6201,0.3942,0.3942,0.3942,0.3942,0.3942,0.3942,0.3942
PE(16:0/18:2),1.5849,9.3913,0.223,2.1312,1.537,1.2326,0.7997,2.0652,1.4303,1.4881,0.6746,1.7288,0.8146,0.4813,1.5763,0.9237,0.7268,0.223,2.974,1.156,1.6011,1.0214,0.477,0.9997,0.3379,0.7974,1.4992,0.7574,1.3754,0.7813,0.5661,1.4783,0.9865
PE(17:0/18:1),0.6883,1.2378,0.6883,0.6883,0.6883,1.0317,0.6883,0.6883,0.6883,0.6883,0.6883,0.6883,0.6883,0.6883,0.6883,0.6883,0.6883,0.6883,0.6883,0.6883,0.6883,0.6883,0.6883,0.6883,0.6883,0.6883,0.6883,0.6883,0.6883,0.6883,0.6883,0.6883,0.6883
PE(O-16:0/16:0),0.7861,6.9189,1.4484,3.8281,1.3473,2.2998,4.6908,1.0188,0.8771,8.5634,1.2712,5.1043,0.8244,0.5468,1.7973,0.4584,0.6289,3.0108,0.8271,2.3532,1.7021,2.6462,0.63,2.7896,1.0,2.3887,1.8959,0.251,1.1489,0.6337,0.7353,0.7054,0.4167
PE(O-16:0/18:1),2.2462,5.0147,1.7212,2.4697,1.4493,1.2973,0.5477,1.2232,0.9999,3.1074,0.5599,1.6001,0.7057,0.9634,0.9988,1.1695,1.0278,1.679,0.7785,1.097,1.1374,1.2198,0.3165,1.5634,0.4483,1.0197,1.4493,0.6717,0.7651,0.9309,1.4386,1.325,0.4497
PE(P-18:0/16:0),2.3508,4.9428,2.0093,0.3024,1.5856,2.2067,3.0301,1.6112,1.8059,2.23,1.1398,0.7734,0.7795,0.791,1.6084,1.0108,0.7954,3.0951,0.9479,0.9505,2.2957,0.4914,1.1867,0.8647,0.3024,1.0992,1.6004,0.6255,1.0702,1.3273,0.7615,0.6317,0.867
PI(16:0/18:2),1.4762,1.2677,2.4703,0.6036,0.6167,2.4275,0.9557,1.1506,3.7249,1.4119,0.8769,1.6385,0.8897,1.0438,2.129,1.1373,1.2444,0.3068,0.8845,1.0037,1.0003,0.7851,1.0533,0.6444,0.3068,0.6886,0.5236,0.6024,2.7651,1.0338,0.3068,2.9176,0.7801
PI(18:2/18:2),1.4829,2.4342,6.0704,0.2925,1.2155,2.7604,5.7535,1.3041,1.8378,1.7329,5.8557,2.8577,1.0117,0.9883,2.2692,0.4801,4.3018,0.2925,1.3861,1.2819,2.1499,0.3481,4.3228,0.591,0.3856,0.2925,0.4785,1.3191,1.1238,0.5732,0.2925,0.756,2.6318
SM(24:0),0.8952,2.0855,1.2013,1.3336,0.9213,1.5554,1.5108,0.7588,1.121,1.2479,1.503,0.8874,0.7008,0.6406,0.9338,0.5979,1.3252,1.4471,1.2783,0.9631,1.0665,0.9103,1.6572,1.1538,0.8783,0.9557,0.6633,0.7475,0.679,0.6171,0.6893,0.778,0.9173
TAG46:1-FA14:1,1.0306,0.8776,1.5579,2.848,0.6364,1.6657,1.1937,1.0708,1.1433,1.2371,0.852,2.9659,0.7166,0.8201,1.4622,0.6009,0.5671,1.7768,0.3399,1.2892,1.4646,0.5689,0.7636,1.2855,2.0782,1.0498,0.4699,0.7698,0.771,0.8231,0.7376,0.9794,0.4678
TAG46:3-FA14:1,1.1183,1.6424,0.9772,2.0793,0.6892,1.354,0.911,1.0366,2.2211,1.1469,1.1158,1.9191,1.4781,0.6141,1.4033,0.5992,0.867,0.7783,0.6182,1.2775,2.0354,0.5759,0.8868,1.1234,1.1367,0.7872,0.5797,1.3063,0.8863,1.0935,1.0993,1.5967,0.7744
TAG46:3-FA16:0,2.2383,1.0482,1.1379,2.459,0.9512,1.7353,1.0774,1.6515,2.7301,1.7792,0.5094,2.1259,1.5975,0.903,2.6064,0.6613,1.5069,1.3037,0.774,0.7639,1.7817,0.5051,1.3761,1.0246,1.125,0.977,0.5177,0.6666,7.7759,0.8572,0.6177,3.6042,1.2115
TAG47:2-FA14:0,1.3939,1.7687,0.96,2.1992,0.4751,2.7745,0.5649,1.4732,1.797,1.4536,1.0227,1.8895,1.0625,0.3393,1.5673,0.5781,1.9505,0.7563,0.3792,2.0191,1.7168,0.674,1.1038,1.0104,1.002,0.742,0.4106,0.3363,1.0562,0.4847,0.4468,1.9023,0.7246
TAG47:2-FA15:0,1.4609,0.587,1.1066,8.9905,0.2374,2.1204,0.7695,1.1221,1.8331,1.1214,1.1893,4.365,1.5848,0.4482,1.5395,0.4456,0.9271,1.0631,0.3078,1.9185,1.0083,0.6847,0.9917,1.7592,2.6499,0.7782,0.6772,0.5695,0.8173,0.6656,0.5165,1.5013,0.3804
TAG47:2-FA18:2,1.7205,0.396,2.2868,2.6861,0.5176,1.9428,0.8214,1.1957,2.0808,1.2181,0.7204,2.2106,1.269,0.5325,1.9645,0.6311,0.878,1.0054,0.3992,1.6869,1.075,0.5086,0.9834,1.1102,1.2849,0.7351,0.4951,1.087,1.7523,0.6914,0.6481,3.5816,0.5911
TAG48:1-FA14:1,0.99,0.9645,1.9808,2.4967,0.7165,2.9691,1.9828,1.4666,1.39,1.4601,0.5676,2.1842,1.0182,0.7654,1.5273,0.7956,0.5063,1.9782,0.363,1.505,1.5217,0.5879,0.9069,1.1841,1.0555,0.9032,0.4981,1.1502,0.884,0.8744,0.7716,1.3115,0.6026
TAG48:1-FA16:0,0.9935,5.7243,1.4743,1.1753,1.7062,3.6319,4.3802,1.1553,2.3155,0.7877,0.4785,2.2096,0.725,0.3881,1.0756,1.5457,0.4757,1.4458,0.6743,1.6538,10.6778,0.6938,0.6868,0.9718,0.6536,0.5257,0.3013,0.3788,6.1593,1.8706,0.669,11.4426,0.5571
TAG48:1-FA18:0,1.3562,0.9832,2.3233,1.1339,0.6475,1.79,1.4368,0.8754,1.2599,1.0331,0.6436,1.288,0.9797,0.9921,1.1057,0.5083,0.8012,1.0164,0.4364,1.0462,1.1115,0.5717,0.991,0.7951,0.5109,0.5924,0.4263,1.8002,11.9769,1.1475,0.6633,28.5242,0.5832
TAG48:3-FA14:0,1.3541,1.041,1.0813,3.0226,0.8256,1.5488,2.9868,1.0123,2.2782,1.331,0.4842,3.2805,1.2515,0.4458,2.4769,0.6577,0.8357,1.0005,0.5919,1.2046,1.4071,0.5297,1.1768,1.0594,1.8076,0.6103,0.5059,0.6612,2.2562,1.2994,0.5384,2.2836,0.7857
TAG48:3-FA16:0,1.5395,1.2967,1.9275,0.219,0.8638,2.3383,3.3516,0.9524,3.4131,1.5193,0.3712,2.2251,1.2001,0.6372,2.3875,0.7199,0.8298,1.1387,0.7521,1.1095,2.0769,0.4934,1.1506,1.0051,0.7878,0.6438,0.5088,0.7059,3.1153,0.591,0.5695,6.1664,0.7705
TAG48:3-FA18:3,3.3539,0.8589,1.0234,2.3669,0.4853,1.8866,0.8948,2.5839,5.1376,4.0973,0.3082,1.556,2.4801,0.6756,3.0681,1.0171,1.1353,0.8704,0.2894,0.81,1.4208,0.5925,0.5538,1.3971,1.0835,0.8668,0.5203,0.5713,3.3022,0.9355,0.7034,2.7313,0.4145
TAG48:4-FA14:0,2.0539,0.3248,1.1685,13.8648,0.584,1.7898,1.1837,1.8212,3.0005,2.1225,0.6418,6.1151,1.7442,0.7197,2.0044,0.7295,1.0059,1.0407,0.6193,1.0269,1.6805,0.5468,0.9015,0.9941,6.4091,0.6982,0.7031,0.7447,0.902,2.0073,0.6815,1.5228,0.8035
TAG48:4-FA14:1,1.8011,0.8085,1.3744,37.5966,0.7766,1.4332,2.2221,1.4524,1.8497,1.5615,0.6411,14.4316,2.4173,0.9085,1.6619,0.8501,0.9147,1.1454,0.5884,1.3634,1.1564,0.5619,0.9486,0.9445,12.4937,0.6178,0.6668,1.2777,0.8624,3.394,0.5868,1.5823,0.7023
TAG48:4-FA16:1,1.5311,1.0666,1.4745,3.3822,0.5453,1.0552,2.3922,1.3117,2.9642,1.2857,0.8084,2.5661,1.5502,0.6203,1.5838,0.6532,0.8476,1.7667,0.4377,1.1263,2.1586,0.6067,1.2589,1.5203,2.024,0.6904,0.505,0.5984,0.9136,1.1305,0.8868,1.9195,0.8237
TAG48:4-FA20:4,2.4721,2.6462,2.2944,6.926,0.6658,1.2114,1.1027,1.0785,1.7564,2.3005,0.8274,3.5773,1.5546,0.5999,1.7549,0.7967,0.8445,1.0498,0.9708,0.7484,1.6482,0.6985,1.0564,0.8213,1.7403,0.8259,0.762,0.9562,2.2416,1.2607,0.7313,1.9119,1.3689
TAG48:5-FA18:2,2.6298,0.6688,1.2786,2.2501,0.6266,1.9918,0.8254,2.0226,6.3814,2.2763,0.5275,1.5572,1.7322,0.9424,4.3845,0.8464,0.9537,0.7345,0.3975,0.7682,0.8097,0.5288,0.6973,1.0796,1.0058,1.1398,0.5344,0.3712,5.5743,0.5678,0.9108,2.4123,0.6472
TAG48:5-FA18:3,1.9733,1.0539,0.8796,8.1969,0.6498,1.4273,1.3084,2.1571,3.7344,3.0739,0.88,6.4084,1.9931,0.8612,3.3616,0.5667,0.7795,0.8363,0.8485,0.7379,1.3976,0.4027,1.0009,1.311,3.7995,0.6684,0.4367,0.4573,10.7759,0.785,0.565,2.5115,0.8936
TAG49:0-FA15:0,0.9784,5.644,0.9925,1.7925,0.6116,9.2717,0.7287,4.6336,0.9856,0.8194,1.6001,1.3773,1.3751,0.3347,4.3257,0.708,0.7874,1.6433,0.5753,1.9784,7.114,0.7948,1.064,1.0659,0.813,1.0075,0.4349,0.4385,0.8625,0.7811,0.6052,1.7395,0.6338
TAG49:1-FA15:0,1.1933,2.447,1.7386,0.9401,0.6423,3.6278,1.403,1.2239,1.7067,0.7601,1.7091,1.8089,1.005,0.3129,2.441,0.6762,0.562,0.9193,1.2848,3.25,1.9654,0.9268,0.6663,1.0099,0.5908,0.5992,0.5276,0.3849,1.4991,0.6042,0.3985,2.2674,0.9276
TAG49:1-FA16:0,1.5003,2.733,2.316,1.1022,0.8417,4.6551,1.9034,0.9965,1.4692,0.7203,0.8479,2.4739,1.2684,0.3247,2.2659,0.7586,0.7663,1.8328,0.8937,2.3453,4.5936,0.8463,1.8245,1.2734,0.7884,0.7423,0.3323,0.5152,1.6524,0.8303,0.5433,2.8387,0.7048
TAG49:1-FA17:0,1.3514,1.143,1.3523,1.9928,0.4824,2.586,1.1838,0.6657,0.7622,1.1161,1.1375,2.4926,0.7462,0.3617,1.0463,0.3834,0.5851,1.9713,0.2967,3.7422,1.1287,0.9801,0.9988,2.2331,1.0983,1.0746,0.4291,0.453,1.0563,0.9038,0.6421,1.726,0.5639
TAG49:2-FA15:0,1.4987,0.9146,1.7085,0.4879,0.8176,3.3489,1.5427,1.1575,3.6374,1.4349,1.04,2.1394,1.0739,0.388,6.2109,0.5852,0.4588,0.7961,1.2123,1.9499,0.8267,0.547,0.584,1.0523,0.6641,0.4276,0.3913,0.2842,1.5802,0.4842,0.5308,3.3735,0.7922
TAG49:2-FA17:0,1.5035,0.6842,1.0585,2.8396,0.3561,1.6221,1.0014,0.8416,1.8679,1.53,0.8728,2.2278,0.9124,0.4659,1.4277,0.4337,0.6201,1.2867,0.2907,2.1281,0.862,0.6152,1.1321,1.6087,1.4657,0.7803,0.6172,0.6217,0.6152,0.8802,0.6915,1.772,0.6011
TAG49:3-FA15:0,1.5673,1.0664,1.4305,22.3041,0.5968,1.5001,1.4309,1.7651,3.0891,2.015,1.1093,10.4196,1.6539,0.5339,3.4355,0.4559,0.8447,0.6779,0.5777,1.2871,1.4452,0.3858,1.0605,1.1926,7.19,0.5615,0.5112,0.429,0.7304,1.6493,0.4641,1.1379,1.09
TAG49:3-FA16:0,2.3947,0.8946,1.197,1.5307,1.0539,2.1153,1.2679,2.3831,3.245,1.7102,0.6751,7.5307,2.8989,0.7317,4.935,0.7804,2.2721,1.0359,1.4068,0.8437,2.0134,0.3567,1.963,1.3359,1.171,0.4778,0.3138,0.2837,1.16,0.6364,0.6507,1.6263,2.349
TAG49:3-FA18:3,2.1253,1.2896,1.4251,5.9003,0.7579,1.9452,1.0898,1.7659,4.0197,3.0719,0.7005,4.1549,1.7389,0.6581,3.4302,0.6549,0.9675,1.0979,1.4792,0.8543,1.4905,0.511,1.1311,1.4752,2.2516,0.615,0.7454,0.5866,0.8806,0.8828,0.8455,1.7396,0.8813
TAG50:1-FA14:0,3.0161,2.9206,2.8004,0.9219,1.5444,6.4615,2.3078,1.2976,1.2642,0.7878,0.4661,2.4982,0.7574,0.6438,1.2582,1.06,0.6175,1.6661,0.6154,1.4208,2.9398,0.8058,0.7707,0.811,0.7022,0.7179,0.4137,0.5592,6.8336,1.9117,0.3454,14.2173,0.6663
TAG50:1-FA16:1,1.0168,1.8906,1.437,1.4,0.8148,3.416,5.0781,1.1589,3.1822,1.2011,0.3569,2.4288,1.1389,0.7302,1.1604,0.4204,0.6456,1.4962,0.3383,1.563,3.4359,0.8348,0.9213,1.0118,0.6767,0.5027,0.2541,0.3362,1.123,1.8572,0.4811,2.6434,0.4678
TAG50:1-FA18:0,2.3358,1.6127,2.1361,1.2165,1.5856,2.7203,1.7502,1.4649,1.4123,1.2901,0.6991,1.4761,1.2557,1.5071,1.7391,0.9148,1.0039,2.3345,0.3366,0.6634,2.2733,0.6031,1.3136,1.3004,0.9242,0.6848,0.516,1.2472,1.7313,1.6963,0.8683,3.6762,0.8394
TAG50:1-FA20:1,1.7055,0.9665,1.3666,3.136,0.7476,2.663,0.8975,1.5702,1.9874,1.6053,0.8019,5.0071,1.5514,0.6559,2.4562,0.7414,1.9793,1.1955,0.658,1.0346,2.0299,0.5718,2.0183,1.446,1.7338,0.7112,0.4342,0.5818,1.5241,0.8042,0.5147,2.6779,1.5477
TAG50:2-FA14:1,1.3228,0.7705,3.7084,6.4487,0.6044,1.9926,3.1376,0.9356,1.5144,1.0013,0.6077,3.7409,0.7963,0.7839,1.4352,1.0782,0.4836,1.4715,0.3822,1.243,0.9131,0.5369,0.7772,0.9607,2.4926,0.6285,0.6198,1.4419,1.2661,1.2661,0.5305,2.843,0.6755
TAG50:2-FA18:0,1.9314,1.0101,3.8896,25.1846,0.4726,2.1707,1.7156,0.8607,2.918,1.1127,2.7504,8.4925,1.9143,0.5001,1.2917,0.8997,0.8578,1.2657,0.1744,0.6219,1.7438,0.8592,1.8704,2.3772,5.0297,0.408,0.5217,1.2626,1.8664,1.7491,0.5812,3.0664,0.5238
TAG50:2-FA18:1,1.3273,0.9861,2.9348,1.5042,1.1117,2.2473,6.9698,0.5029,3.8485,0.9085,0.3019,3.7783,0.9882,0.4307,1.3437,0.9201,0.5393,1.3328,0.5773,1.1689,2.0103,0.7002,0.8269,0.8104,0.9785,0.3975,0.283,0.8149,4.3602,1.8925,0.4559,14.6584,0.5835
TAG50:2-FA20:2,2.3243,0.897,1.6621,12.4144,0.6143,1.8324,1.1392,1.687,1.8046,2.0359,1.9273,5.5294,1.9528,0.9096,2.5678,0.7926,1.3337,3.2096,0.541,0.8514,1.5694,0.7048,1.8953,1.7578,3.4722,0.7064,0.7187,0.5533,1.4267,1.5478,0.6137,1.4848,1.5588
TAG50:3-FA16:0,1.1188,6.4383,1.0193,1.1986,2.6844,2.0084,5.8915,2.4693,3.0732,0.9982,0.3432,3.673,0.8974,0.478,5.7692,1.0018,0.7783,1.49,2.0583,1.0769,5.5974,0.6581,0.7007,0.7344,1.1477,0.3357,0.5868,0.3562,4.4367,1.4946,0.8687,4.793,0.7703
TAG50:3-FA18:0,3.5407,1.46,6.1567,1.9152,0.6295,1.2755,2.0196,1.54,1.6535,1.4114,0.7735,1.8112,1.3272,0.7993,1.6128,0.9271,1.6538,0.9589,0.435,0.9528,1.4178,0.536,2.1932,0.6681,0.9857,0.5546,0.7462,1.7316,1.3148,1.1773,0.9308,3.2833,0.9784
TAG50:3-FA18:3,1.2883,12.8913,0.9643,1.6576,3.3843,2.3867,3.304,2.8863,2.7786,0.8303,0.6278,3.4252,0.5964,0.4687,6.4219,1.8987,0.6879,1.4106,2.1464,1.0639,11.3364,0.6581,0.624,0.6942,0.5998,0.4034,0.9455,0.5355,5.0862,1.036,0.8281,2.9796,0.543
TAG50:3-FA20:3,3.9827,0.8299,1.5579,4.4369,0.757,1.3808,1.2659,1.7127,2.1928,4.1814,0.588,2.7072,1.6274,0.9343,2.5148,0.8741,1.0833,1.2782,0.583,1.0193,1.141,0.3943,1.7312,1.7519,1.4068,0.8868,0.5707,0.4557,1.1942,0.8129,1.1988,2.5589,0.9927
TAG50:4-FA16:0,1.4272,1.0068,0.9977,1.7679,1.0657,1.7826,3.5897,1.8401,2.4304,1.6063,0.3135,2.7327,1.9335,0.4722,4.3829,0.635,1.1818,1.0216,1.2825,0.5457,1.0977,0.4997,1.059,0.8571,1.7003,0.4614,0.4805,0.4561,1.9056,1.1612,0.7725,2.5206,0.9639
TAG50:4-FA18:3,1.7021,0.8747,1.1802,3.2044,1.1442,1.4396,3.9509,1.1051,2.1479,1.3458,0.4709,2.7603,1.2929,0.5741,3.3477,0.8648,0.5894,1.2445,0.7523,0.6712,1.0532,0.5556,0.8902,0.8672,1.5209,0.4959,0.7186,0.6806,3.9583,1.3781,0.6814,2.7321,0.4961
TAG50:4-FA20:3,3.3725,0.597,1.7191,3.2397,0.5292,1.4623,0.9261,1.7162,2.7077,4.8779,0.6154,2.3811,2.2511,0.9591,2.7194,1.0244,0.8583,0.8339,0.5485,0.8529,1.0197,0.4791,1.7185,1.8817,1.5954,0.499,0.7432,0.6392,0.6652,0.8738,1.7162,1.8789,0.9721
TAG50:4-FA20:4,4.603,0.748,1.4263,2.8306,0.4661,1.1628,0.8996,1.6204,2.741,4.413,0.5828,2.6889,1.95,1.3672,2.3615,1.2285,0.7516,1.3645,0.4905,0.7338,1.6322,0.4453,1.032,1.2635,2.1914,0.8369,0.7591,0.4872,0.8435,0.8532,1.0591,1.3744,0.8037
TAG50:5-FA14:0,1.5755,0.7007,1.1593,2.0828,1.4046,1.6353,1.3938,1.272,1.3627,1.4073,0.7253,2.8596,0.9982,0.8133,3.7764,0.6853,0.6961,1.1293,1.1439,0.754,0.9246,0.4846,1.3185,0.6725,1.7734,0.6371,0.8593,0.5818,6.9766,0.8902,0.6701,1.7793,0.7218
TAG50:5-FA14:1,1.564,0.6547,2.5094,2.0202,0.9805,1.4528,2.8178,1.3987,1.98,1.3694,0.7089,1.862,0.9298,0.5645,5.079,1.326,0.6364,1.6298,1.5152,1.256,1.178,0.4448,1.3663,0.6428,1.1426,0.5703,0.5169,0.8549,1.6964,0.7493,0.7359,2.9737,0.6762
TAG50:5-FA16:0,1.8705,0.8716,1.3599,2.72,0.4343,1.4317,1.2771,1.6783,1.3804,1.9264,0.737,2.6965,2.4203,0.6016,2.3568,1.2121,1.1019,1.0397,0.7867,0.4208,1.4268,0.4506,1.0169,1.4056,1.4604,0.9749,0.8623,1.2571,0.7775,0.7501,0.6273,1.5862,0.863
TAG50:5-FA16:1,1.2137,1.0394,1.5106,6.2597,0.7171,1.1596,3.0394,1.192,5.9056,1.9136,0.6657,6.3857,2.5466,0.7401,2.9086,0.8156,0.6234,1.6687,0.3534,0.8101,1.7596,0.9365,1.4875,1.2409,3.1848,0.7897,0.5896,0.8138,0.9761,3.015,1.1386,2.0933,0.8266
TAG50:5-FA18:2,2.2727,0.6198,2.2498,1.3698,1.2248,1.7972,2.4296,1.2186,3.5952,1.1493,0.302,1.5006,0.8801,0.5908,3.4487,0.864,0.6591,1.6645,1.0818,1.0581,1.013,0.3417,1.1162,0.4765,0.6547,0.3008,0.5617,0.427,5.0559,0.6214,0.5633,4.8325,0.6437
TAG50:5-FA18:3,1.8429,0.9764,1.4285,5.1527,0.9119,1.6881,1.9106,1.3254,2.9232,1.788,1.3782,5.1371,2.1645,0.6403,4.1123,0.8311,0.927,1.2268,0.8683,0.7217,1.2438,0.6826,1.6895,1.4024,4.0412,0.4994,0.7406,0.7953,5.4346,1.7703,0.5722,1.5715,0.7192
TAG50:5-FA20:4,3.5449,0.57,2.3587,4.3606,0.4013,1.048,0.7733,1.6371,3.4377,5.6622,0.8019,2.8654,2.2142,1.7083,3.9261,1.7247,0.7939,1.0544,0.31,0.7338,1.3231,0.4384,0.9925,2.0683,1.9304,0.6565,0.7349,0.4535,0.9257,0.849,1.7501,1.2183,0.6353
TAG50:5-FA20:5,3.9835,0.8515,1.8428,5.3361,0.5058,1.4617,0.7984,1.8506,1.6853,2.7723,0.5165,6.4704,1.6923,0.9736,2.5383,0.8167,0.853,1.6102,0.4574,0.9136,1.1807,0.6946,1.306,1.0009,3.7282,0.683,0.5423,0.7778,1.009,1.4278,1.1856,1.8498,0.9318
TAG50:6-FA20:4,2.9058,0.6643,1.6134,6.2521,0.4945,0.8726,0.8195,1.594,2.1592,3.7656,0.6935,4.2561,1.9474,1.3582,2.5546,0.7806,0.8147,1.4126,0.7245,0.7656,1.2919,0.4264,1.0341,1.1911,1.9314,0.7448,0.6758,0.7103,1.0725,1.1995,0.77,1.51,0.7957
TAG51:1-FA15:0,1.8535,1.3915,3.1591,1.7128,0.6445,5.1761,1.1593,1.0748,1.6297,0.8676,0.8952,1.3087,1.1379,0.5131,1.9914,0.7179,0.5229,1.1655,0.5468,2.077,1.0966,0.5719,0.6804,1.0546,0.9061,0.9625,0.5622,0.5452,0.9569,1.1471,0.538,3.3115,0.6292
TAG51:1-FA16:0,1.6134,4.8666,1.83,1.6487,1.7195,5.1167,1.8044,1.7423,2.105,0.8431,0.4028,3.2163,0.9592,0.5344,4.1276,0.8531,0.7643,1.2094,2.016,1.0863,6.545,0.5945,0.9417,0.845,0.9946,0.5474,0.3712,0.375,2.5731,1.6536,0.6399,5.7614,0.6729
TAG51:2-FA15:0,1.2732,0.9917,8.5863,1.3203,0.6935,5.647,2.3592,0.6405,2.7228,0.6981,0.5591,2.3841,1.068,0.3739,3.5226,0.6746,0.5164,1.3306,0.9019,2.2557,0.7835,0.5983,0.7162,0.7285,0.7039,0.3814,0.4629,0.9105,1.6129,0.8745,0.3494,14.0569,0.3775
TAG51:3-FA17:0,1.5312,1.1762,1.0247,27.6939,0.8946,1.2875,1.4727,1.4591,1.5322,1.5385,0.5452,11.7718,1.4226,0.6119,2.6044,0.6439,0.8071,1.0916,0.7362,1.1228,1.3873,0.6011,1.0979,1.0283,6.8844,0.5798,0.667,0.5882,1.1299,2.8752,0.7706,2.2092,1.2118
TAG51:3-FA18:3,1.8887,1.606,1.7056,10.0169,0.8585,1.6397,1.2768,1.6331,2.1243,1.8267,0.6742,5.5417,1.2724,0.8467,2.3842,0.8597,0.9847,0.9259,0.9628,0.7789,1.5892,0.5174,1.0776,1.0259,4.0666,0.5821,0.5782,1.1729,1.2266,0.933,0.7448,1.668,0.7683
TAG51:4-FA18:2,1.8927,0.4949,2.9063,0.6511,0.9037,2.2685,1.7778,1.6448,3.0986,0.9804,0.3337,2.7771,1.3928,0.4286,8.1575,0.5071,1.1355,0.7551,1.5688,1.0544,1.2624,0.4337,1.4373,0.7903,1.1468,0.2265,0.3209,0.3058,2.3505,0.5702,0.5602,2.4744,1.2554
TAG51:4-FA18:3,1.7681,1.2863,2.1449,4.3722,0.7863,2.0278,1.8884,0.9731,2.5052,1.5384,0.4969,3.013,1.4778,0.8347,4.9029,0.7902,0.9022,1.0681,1.0895,1.0274,1.082,0.5792,1.0768,0.8406,1.9649,0.7105,0.6511,0.8245,1.6139,0.9307,0.6691,2.3006,0.88
TAG51:4-FA20:4,2.1532,1.2385,1.7661,8.7122,0.7338,1.4659,0.8256,1.11,1.2523,1.9795,0.8777,3.9033,1.4694,0.8584,1.4243,0.9958,0.8998,1.6938,0.7689,0.6129,1.2911,0.7363,1.2506,1.2874,1.8703,0.8086,0.8452,0.7519,0.8944,1.0235,0.6903,1.5987,0.8307
TAG51:5-FA18:2,3.222,0.7839,1.7715,0.5997,0.8818,1.7988,2.0501,2.9215,3.5048,2.4951,1.1403,3.5691,3.1418,0.7171,5.5698,1.1087,1.6761,0.7579,0.8524,1.0423,0.6665,0.2967,0.7802,1.7056,1.5529,0.3888,0.283,0.171,1.052,0.6544,0.7962,1.038,2.1354
TAG51:5-FA18:3,2.2859,0.6753,1.2743,1.2103,0.6219,1.3958,1.5249,1.7597,2.4455,2.0471,0.7762,2.1393,1.6115,0.5608,5.671,0.5171,1.06,0.6372,1.0189,1.2215,1.467,0.3347,1.2389,1.3599,1.5575,0.5009,0.3794,0.4593,0.8107,0.7516,0.5227,1.2154,1.7471
TAG52:1-FA16:0,4.2836,3.5018,3.1996,0.5806,1.7103,4.287,2.404,3.8296,2.1319,0.7505,0.3713,3.8661,0.956,1.3663,4.1063,1.9294,0.9158,1.3342,1.1906,0.6747,4.1481,0.6751,0.73,0.663,0.4312,0.6282,0.3291,0.431,2.3652,3.0453,0.676,9.0985,0.3803
TAG52:1-FA16:1,2.0526,1.5396,3.4963,0.9574,0.5365,2.9801,2.7032,1.2682,2.5362,1.2652,0.3995,1.5199,1.7799,0.6199,1.1343,0.7421,0.9453,1.5618,0.3351,0.962,1.8186,0.7808,1.2541,0.9285,0.794,0.762,0.5648,0.6971,0.7285,1.5869,0.7257,2.6018,0.586
TAG52:1-FA18:0,4.0773,4.2231,2.5678,0.5955,1.8367,3.984,2.1213,4.3479,2.22,0.8335,0.3771,3.295,1.1709,1.5715,3.981,1.8588,1.0207,1.4082,0.9938,0.7152,5.052,0.7583,1.0062,0.6915,0.4246,0.7136,0.3888,0.372,2.0003,3.3093,0.6768,7.7924,0.5744
TAG52:1-FA18:1,4.0154,3.4163,3.3394,0.5534,1.8142,4.3032,2.422,3.1587,1.9368,0.6628,0.2894,4.7515,0.9558,1.1764,3.1399,1.5973,1.0269,1.3386,1.013,0.6307,3.9723,0.7309,1.0759,0.5338,0.4089,0.523,0.3016,0.4852,2.2963,2.4791,0.4936,10.5553,0.4219
TAG52:1-FA20:0,2.0106,0.8468,1.4795,2.4826,0.8583,1.5226,1.1824,1.0184,2.2196,1.7863,0.5518,2.4701,1.0012,0.5843,1.8496,1.0144,0.8114,1.5068,0.4866,1.3112,1.3682,0.5584,1.1318,1.0892,1.2498,0.5287,0.468,0.5713,1.1613,1.2425,0.5864,3.2552,0.7846
TAG52:1-FA20:1,1.6421,6.3717,2.3116,2.1747,1.2999,2.7572,1.6433,1.5714,1.7836,1.2243,0.6319,2.7513,1.1123,0.616,1.5,1.6234,1.0072,1.8797,0.7809,1.1468,9.4413,0.637,1.134,0.9435,0.7148,0.5777,0.4218,0.5333,2.1675,0.9249,0.7517,3.8359,0.7205
TAG52:2-FA16:1,0.7565,1.5313,2.2461,1.1209,0.6137,1.6666,7.3027,0.5192,6.261,1.4207,0.1738,3.5126,1.6701,0.4888,1.4783,0.4577,0.5816,1.3421,0.3869,1.2347,3.4408,0.9503,0.8334,1.0336,1.0893,0.4244,0.2962,0.5461,0.9536,3.0171,0.5677,9.0622,0.497
TAG52:2-FA20:0,1.674,0.756,1.2364,13.7357,0.8342,1.6398,1.12,1.2684,2.3686,2.1748,0.6206,9.2708,1.1356,0.3859,1.8866,0.9034,1.0769,1.0128,0.7182,1.022,1.5628,0.4786,1.3657,0.7656,4.3214,0.4581,0.4981,0.5567,1.5632,1.1899,0.5082,4.0276,0.8354
TAG52:2-FA20:1,1.7973,0.7151,1.5821,4.3311,0.8851,1.8913,1.9252,0.9522,1.6311,1.5914,0.8108,4.648,3.8604,0.6166,1.9193,0.8227,0.7056,1.4316,0.468,1.4007,1.1394,0.465,1.234,1.1717,2.2978,0.5194,0.3913,0.6507,1.4167,0.863,0.5529,3.3493,0.6145
TAG52:3-FA18:0,1.2561,2.3813,2.5996,1.1712,1.699,1.7701,3.581,3.4862,2.1876,1.14,0.4529,2.7893,1.2228,0.6739,4.689,0.6998,1.0408,1.3951,0.9639,0.7305,1.5554,0.5941,1.0881,0.6627,0.9833,0.4026,0.5677,0.5376,2.5655,1.387,0.7286,4.0443,0.7371
TAG52:3-FA18:3,1.4207,3.4258,1.2908,0.7837,3.3743,2.8414,3.1725,4.4106,3.0485,0.8416,0.4937,4.1077,0.8577,0.6647,7.0531,1.0351,0.6966,1.6123,2.1677,1.1994,2.597,0.8262,0.9239,0.5576,0.7254,0.4297,0.8941,0.3535,5.9618,0.9906,0.8129,3.8021,0.5445
TAG52:3-FA20:0,1.4902,0.6492,2.41,1.3593,1.2205,2.4904,2.0777,1.3454,4.0956,1.449,0.3592,7.3237,0.8326,0.6026,3.6809,0.8248,1.0405,1.1878,1.6159,1.2567,1.5315,0.5201,1.2153,0.5437,0.7728,0.3026,0.3585,0.3635,4.1251,0.9816,0.5594,7.2273,1.0462
TAG52:3-FA20:1,1.5356,0.707,1.9089,4.9123,0.8427,1.9377,1.6865,1.1624,2.653,1.8233,0.7764,4.596,3.5472,0.5824,2.7384,0.9168,0.8562,1.1244,0.6665,0.9895,1.2027,0.3939,1.3131,0.8781,1.7486,0.4328,0.5284,0.586,1.7243,0.8869,0.5623,4.621,0.9503
TAG52:3-FA20:2,1.8204,0.8868,2.5231,4.4323,1.0951,1.61,2.0096,1.3478,2.416,1.3015,0.5622,5.2524,1.0074,0.745,2.6623,0.9655,0.6708,1.738,1.4261,1.1315,1.114,0.559,1.3858,0.796,2.4368,0.3698,0.7242,0.673,2.885,1.2452,0.6873,5.551,0.542
TAG52:3-FA20:3,1.6273,1.1911,1.7433,3.4069,0.9492,1.4383,1.7849,1.4992,1.5543,1.4528,1.0074,2.4561,1.0886,0.719,1.389,0.8307,0.675,1.8067,0.8766,0.6867,2.0594,0.8507,1.3921,1.3133,1.0397,0.9218,0.7824,0.6159,1.3823,0.8153,0.7568,1.6488,0.7141
TAG52:3-FA22:1,2.2789,1.0649,2.5168,3.0871,1.1284,1.8516,1.3709,1.4392,3.2537,2.6109,0.7159,3.8212,1.4832,0.6416,3.3563,1.0595,0.9575,1.5775,1.1384,0.7836,1.5842,0.4992,1.1439,0.7214,0.8355,0.5347,0.5514,0.5287,2.5806,0.9126,0.6689,5.0039,1.2543
TAG52:4-FA14:0,1.337,0.9277,1.8296,4.8422,1.2,1.3753,1.4192,1.3929,1.8844,1.3912,0.7293,3.7036,1.7775,0.823,2.7595,0.4318,0.7151,1.1819,0.9145,0.8373,1.0515,0.5337,1.2274,0.6625,1.8384,0.6263,0.6038,0.9173,1.9397,1.0296,0.7436,2.1441,0.7233
TAG52:4-FA20:2,2.0617,0.5772,2.6503,26.142,0.8704,1.8825,1.8579,0.9997,1.9286,1.3874,1.6126,17.1733,2.6114,0.4716,2.6573,1.0284,0.6141,1.0384,0.9833,0.7037,1.1673,0.5247,2.9708,1.468,12.5671,0.3539,0.5382,0.5185,2.7821,3.1423,0.5621,2.1078,0.9052
TAG52:4-FA20:3,2.6221,0.7881,2.2091,2.4917,1.3828,1.9868,1.9607,1.3298,2.7545,1.0794,0.8628,3.0182,0.951,0.5089,3.7735,0.8644,0.4455,1.0022,1.751,0.9332,1.2478,0.5935,1.4848,0.9864,0.9978,0.3283,0.6984,0.517,4.4599,0.6403,0.5464,3.3223,0.653
TAG52:4-FA20:4,2.3186,1.5099,2.5929,2.2899,0.6303,1.5915,1.9502,1.0278,1.28,1.4735,1.3167,2.3348,1.3668,0.8492,1.4341,0.8893,1.066,2.071,0.8497,0.5914,1.6866,0.7994,1.3022,1.4513,2.2707,0.4281,0.6303,0.72,1.2924,1.0886,0.7255,0.96,0.9136
TAG52:4-FA22:1,2.8085,1.0727,1.5463,2.6245,1.352,1.6708,1.8682,1.5168,2.7117,1.8535,0.6687,3.8857,0.7006,0.7117,3.6761,0.8584,0.6437,1.3797,1.5168,0.8878,1.258,0.4938,1.1599,0.9785,1.0537,0.3026,0.7751,0.7989,3.9245,0.6096,0.7115,2.8674,0.9893
TAG52:5-FA14:0,1.1924,0.8525,1.6982,32.4493,0.847,1.6804,1.0977,1.1426,1.3098,1.5999,0.7462,10.8617,1.8777,0.8341,1.6982,0.8297,0.992,1.016,0.6079,0.724,1.2876,0.7818,1.0018,1.2821,7.6699,1.0104,0.6792,0.89,1.0338,2.1149,0.6195,1.1112,0.7787
TAG52:5-FA18:1,1.9242,1.0714,1.6227,10.229,0.9544,2.9279,2.8676,1.1547,2.0825,1.1856,0.5006,4.4155,2.0723,0.7295,3.0668,0.571,1.331,1.3169,1.0456,0.6532,0.9522,0.4775,1.3544,0.8878,2.5471,0.4735,0.4795,0.9033,1.9769,1.3728,0.5735,4.7201,0.8404
TAG52:5-FA18:2,1.4406,0.8724,1.3203,5.5743,2.9613,2.2933,3.4435,2.2584,3.582,0.893,0.3289,3.4551,0.7333,0.4938,7.8759,0.7762,0.7646,1.4267,3.123,1.2027,1.2247,0.7323,0.7775,0.5958,1.8911,0.2645,0.8138,0.2641,6.3726,1.1062,0.7615,3.1086,0.6526
TAG52:5-FA20:3,2.8203,0.3567,6.5324,80.9583,0.3857,3.7938,1.2377,1.4098,1.1176,1.4157,5.978,24.6985,2.962,0.5579,1.588,0.8312,0.9908,1.465,0.2766,0.4134,0.7683,1.1043,4.1375,4.7086,15.391,0.4368,1.0092,0.5327,1.6638,2.6767,0.5517,0.7743,0.9301
TAG52:5-FA20:4,2.5494,0.7472,2.4561,28.9436,0.6389,1.8154,1.6456,1.294,1.3236,1.6859,1.683,8.7774,1.4618,0.9496,1.7639,0.6764,0.6136,1.4765,0.5333,0.4748,1.2073,0.7861,1.5721,1.8235,6.0826,0.4086,0.6749,0.5393,1.7011,1.4699,0.5978,0.9845,0.7947
TAG52:5-FA20:5,2.7907,1.5149,3.6785,1.8817,0.433,3.4435,1.1741,1.3957,1.2217,1.535,5.0122,1.468,2.3011,0.599,1.9496,1.0349,1.0007,1.8735,0.1992,0.4922,2.2999,1.0328,3.179,4.5099,0.8725,0.5124,0.8406,0.5559,1.6211,0.8004,0.7518,0.9707,1.0283
TAG52:5-FA22:5,1.965,0.699,1.5241,6.55,2.0302,1.8011,1.5499,1.3028,2.2109,1.6135,0.8245,3.7496,1.0598,0.5484,4.2185,0.7669,0.6581,1.2115,1.8625,0.8428,1.2681,0.6148,0.8519,1.068,2.1346,0.426,0.697,0.4862,3.6042,0.7925,0.6086,1.6062,0.6398
TAG52:6-FA14:0,1.8295,1.3543,1.6769,5.718,0.6224,1.3954,1.0828,1.7309,1.3513,1.4262,0.6487,2.9346,1.1586,0.8489,2.8191,0.6219,1.0327,1.3404,0.8167,0.9247,1.3449,0.7096,1.3023,1.2121,1.4024,1.1903,0.6239,0.9609,1.0213,1.0862,0.7359,1.2423,0.8855
TAG52:6-FA16:0,1.2811,2.2704,1.5908,0.7538,1.6199,2.8882,3.4166,2.6893,1.2067,0.788,1.9897,1.5147,1.3478,1.1479,4.3169,2.0744,1.0326,1.2159,1.0823,0.527,3.1756,0.4957,1.2768,0.9494,0.5328,0.7788,1.3619,0.8905,2.3165,0.7049,0.5177,1.4658,0.7401
TAG52:6-FA16:1,1.4524,0.8747,1.0457,1.6949,1.535,1.4897,2.7645,1.46,2.3106,1.125,0.4562,2.6313,1.1818,0.5547,4.8627,0.6363,0.5898,1.9078,1.3876,0.8978,1.1608,0.7757,0.9989,0.7694,2.207,0.6257,0.9351,0.4331,2.0397,1.8168,0.8713,1.3489,0.6414
TAG52:6-FA18:2,2.449,0.8736,1.0708,0.5095,1.1296,2.221,2.1207,2.2766,2.6981,1.5426,0.7229,1.6158,2.3781,0.5401,4.8905,0.6338,0.9568,1.2721,0.9448,0.6199,0.9775,0.4899,1.755,0.914,1.1642,0.3321,0.4378,0.2545,1.932,1.0087,0.618,1.3915,1.0858
TAG52:6-FA18:3,1.4494,0.5355,1.2394,1.1688,1.9686,1.6099,4.2853,1.6654,1.7944,1.0815,1.662,1.341,0.823,1.429,4.8202,2.042,0.7277,1.3198,1.3038,0.6566,0.8696,0.4337,0.6098,0.5335,1.0037,0.7121,1.5865,1.0138,2.6149,0.8161,0.6325,1.4162,0.6493
TAG52:6-FA20:4,2.6088,0.7066,2.0571,4.7831,0.5828,1.7335,1.2646,1.1251,1.1044,1.4235,1.8132,3.6354,1.6113,0.7016,1.8072,1.0893,1.1784,1.0013,0.5567,0.5213,1.3404,0.6489,1.9737,1.9737,2.0031,0.5135,0.615,1.0069,1.1078,0.8147,0.6489,1.048,1.0323
TAG52:6-FA20:5,6.4181,1.4258,3.4791,2.1623,0.6282,2.3432,1.4094,2.9103,1.0422,1.8165,1.0046,2.3278,1.7429,0.7026,4.4656,0.6679,1.0014,1.6612,0.4314,0.4622,1.5605,0.587,2.4142,0.9652,1.4232,0.6188,0.5405,1.9055,1.2058,0.9563,0.9085,1.8014,0.9534
TAG52:6-FA22:6,2.4994,0.9896,1.615,2.7981,0.4693,1.8856,1.2429,1.347,1.2891,1.8377,1.8263,3.2404,2.1581,0.6271,1.9488,0.8061,1.5017,2.6578,0.4008,0.636,1.7545,0.7226,1.6164,2.5442,1.5179,0.7727,0.5937,0.5603,1.3935,0.7713,0.5904,1.4489,1.247
TAG52:7-FA22:6,2.3012,1.0475,1.5751,2.9505,0.7315,1.2242,1.0446,1.6117,1.9511,2.3813,1.0947,3.1892,1.1498,0.9994,2.1578,0.8958,1.5525,1.2209,0.6082,0.8145,1.9762,0.4508,2.2856,1.0129,1.5098,0.7015,0.6221,0.3965,1.059,0.9197,0.5186,2.4352,1.3314
TAG52:8-FA16:1,1.8634,1.1716,1.6298,2.5358,0.5571,1.9261,1.5442,1.3548,1.497,1.1145,0.5234,3.3509,0.8653,0.4156,1.0228,0.4753,0.5909,1.3343,2.3845,1.4341,1.8595,0.5508,1.3554,1.0057,1.4721,0.5574,0.4409,0.3158,0.7612,0.908,0.5886,1.255,0.917
TAG52:8-FA18:2,2.0653,0.9963,2.5545,5.6141,1.0451,1.4282,0.9424,1.5269,1.5444,1.437,0.757,5.3931,1.5544,1.0936,2.5393,0.8191,1.0954,1.4582,0.7836,0.5869,1.8126,0.3946,1.4849,0.8813,3.2222,0.5161,0.6549,0.9008,1.5278,1.2314,0.6903,2.3223,1.0345
TAG53:0-FA16:0,4.7351,5.1961,1.0048,0.9246,1.0382,10.0621,0.6428,31.38,1.3335,1.3541,2.3418,1.4205,3.654,0.8777,51.5188,0.4545,1.6404,3.4289,0.7208,0.5343,4.5505,0.9796,2.8597,0.8382,0.4178,1.6038,0.1455,0.505,0.6941,2.0852,1.4227,3.5792,0.8108
TAG53:1-FA16:0,2.2687,1.2521,3.1163,13.7178,1.163,4.9619,2.0369,3.9412,2.8443,0.8584,0.3686,5.3028,1.0278,0.4311,4.5356,0.6323,0.8278,1.0387,1.1761,1.1579,2.3446,0.6266,1.4069,0.5918,2.4311,0.4625,0.3375,0.4524,2.4457,2.025,0.4003,8.4413,0.5893
TAG53:1-FA17:0,2.8811,3.083,2.8743,3.414,1.2063,7.9074,1.1373,2.2294,1.3642,0.7798,0.4046,3.1876,1.2412,0.5916,2.5221,0.5891,0.7977,1.7236,0.7371,1.0087,2.5237,0.7343,0.7051,0.8062,1.32,0.7976,0.3612,0.5255,1.5891,2.2591,0.4991,4.4948,0.7168
TAG53:1-FA18:0,2.6845,1.6076,6.5152,26.7573,0.536,3.5064,1.0079,1.7765,0.9468,0.7213,1.4416,8.2675,1.457,0.654,2.0238,0.8339,0.9376,0.9921,0.695,0.3773,1.5993,0.5779,1.6358,1.2063,4.7824,0.4681,0.5106,0.9111,1.0107,2.0274,0.6933,2.1494,0.5045
TAG53:2-FA17:0,1.0528,1.2762,5.1183,1.1794,1.297,3.9124,2.4506,1.5015,2.1826,0.6973,0.2419,6.3262,0.6516,0.3388,2.3634,0.4915,0.5118,1.2077,1.1499,1.2807,0.9251,0.7211,0.7877,0.5187,0.8181,0.3651,0.3917,1.3077,3.048,1.1952,0.3956,12.4683,0.6262
TAG53:2-FA18:2,1.9289,0.8457,2.9953,1.4113,1.1805,3.4457,2.233,1.4137,2.6089,0.981,0.4988,2.3095,0.9098,0.5432,3.5948,0.7917,1.2133,1.1994,1.8416,1.0249,1.8176,0.5267,1.7613,0.6063,0.7691,0.3687,0.5081,0.4161,2.9599,0.574,0.4796,5.1458,0.593
TAG53:3-FA18:1,1.0964,0.9812,1.197,1.1482,0.9337,1.1301,1.1752,0.8794,0.9965,1.0462,0.9314,1.2277,1.1044,0.9093,0.8342,0.7998,1.0318,1.0826,1.0672,0.9714,0.9598,0.9397,1.0064,0.9713,1.1074,0.9652,0.911,1.0006,0.9967,1.0972,0.9232,1.4986,1.0597
TAG53:3-FA18:2,2.7781,0.7888,2.6107,0.598,1.9824,3.7594,2.8352,1.2849,4.1953,1.2545,0.3687,3.3593,1.0322,0.4119,6.367,0.7668,0.715,1.0362,3.2282,1.1417,1.1877,0.5941,1.0076,0.9924,0.6158,0.2484,0.7105,0.7314,3.9736,0.696,0.5761,5.518,0.6088
TAG53:4-FA18:3,1.864,0.8194,1.7821,7.1148,1.0554,2.4568,1.684,1.6932,2.9006,1.3879,0.915,5.5033,1.2962,0.5252,5.4936,0.7236,0.8254,0.8715,2.1172,0.7983,1.1817,0.5853,1.1923,0.9315,3.5193,0.3291,0.7729,0.6577,2.314,1.5661,0.7646,2.1085,1.0551
TAG53:4-FA20:4,2.2292,0.9278,2.9078,11.0678,0.6482,1.7793,1.0558,1.566,1.6612,1.6223,1.009,5.4963,1.5536,0.8002,1.9327,0.6921,1.0,1.8371,0.6567,0.4659,1.3004,0.575,1.4923,1.014,4.3777,0.7748,0.8072,0.7598,1.1465,1.8102,0.5232,1.5346,1.2357
TAG53:5-FA18:3,1.4482,0.8713,1.1303,1.342,1.161,1.4033,1.2839,1.1747,1.5705,1.1554,0.8387,1.2639,1.1993,0.7189,2.2372,0.8791,0.9171,1.04,1.299,0.8989,0.9198,0.8541,1.0072,0.8973,1.2302,0.8112,0.8582,1.0638,1.4944,1.049,0.9913,1.1281,0.9886
TAG53:5-FA20:4,2.2394,1.1234,2.6762,5.5375,0.6476,1.5612,1.003,1.3949,1.3332,1.6071,0.7137,4.0548,1.5908,0.9576,1.9506,0.692,0.8075,1.8174,0.6649,0.7473,1.6599,0.5523,2.2828,0.696,1.6165,0.5809,0.6693,0.6905,0.8633,1.272,0.6698,0.4334,1.3751
TAG53:6-FA20:4,2.1145,1.5428,2.7269,4.7969,0.7338,1.7662,0.8548,1.1379,1.4983,2.431,0.7452,3.6941,1.2786,0.7193,1.9314,0.9845,1.2021,1.3659,0.8817,0.811,2.6617,0.5866,3.4355,1.0266,2.7028,0.7259,0.5676,0.4814,0.99,1.1866,0.5838,1.1134,2.1931
TAG53:7-FA18:3,1.4091,0.9865,1.0555,1.1366,0.9882,1.0652,0.9621,1.1831,0.9727,1.4454,1.0124,0.9556,1.1274,0.8689,1.18,0.9001,1.0564,1.2406,0.9222,0.9531,1.0035,0.8738,1.0807,1.0148,0.9811,0.9891,0.8924,0.9543,0.8987,1.0984,0.9717,1.0255,1.1069
TAG54:1-FA18:0,8.5666,2.9108,3.4487,0.3097,1.2751,7.1455,1.735,5.1883,1.7738,1.0687,0.5441,1.162,3.6433,1.5591,6.3035,1.4358,1.5464,2.1646,0.9702,0.7535,1.4975,1.0298,1.1785,0.9025,0.5393,1.1676,0.3964,0.4954,0.9339,4.1074,0.7858,7.0758,0.4854
TAG54:1-FA18:1,6.9453,2.4666,4.4853,0.3491,1.1109,6.6392,1.6739,4.2002,1.648,0.9246,0.4061,2.5688,3.2374,0.9235,5.0695,1.2263,1.4077,2.1231,0.8501,0.6531,1.3602,0.9592,1.1327,0.7388,0.5309,0.9537,0.3904,0.765,1.3049,2.5394,0.6281,9.1644,0.4556
TAG54:1-FA20:1,1.5334,1.8073,1.5775,1.8181,1.3166,4.1282,1.4005,1.5952,1.8781,1.7159,0.9728,3.9839,1.5622,1.4819,1.9153,0.8091,1.0004,1.5252,0.6934,0.9516,1.8834,0.8508,1.8934,0.5687,0.9396,0.5748,0.3278,0.5926,1.7861,0.9996,0.4509,7.723,0.6246
TAG54:2-FA18:0,1.8883,2.1099,13.2318,0.3264,1.8973,4.3615,4.2367,3.788,2.3873,0.7544,0.2806,6.824,1.6736,0.4614,4.5108,1.2771,0.7963,1.5082,1.0256,0.7251,0.9156,0.8278,1.0214,0.5172,0.6101,0.5325,0.3693,1.443,2.7811,2.3563,0.5151,27.024,0.3315
TAG54:2-FA18:2,1.2922,2.56,6.4802,0.7328,2.1383,4.2169,3.268,4.5255,3.1209,0.7946,0.3586,7.3732,3.713,0.5897,5.5504,1.215,0.5933,2.2848,1.5155,1.0605,1.3102,1.591,0.984,0.7282,0.5446,0.8944,0.6193,0.2962,4.6021,1.295,0.797,14.9142,0.3799
TAG54:2-FA20:0,1.3702,1.1153,1.2861,2.7264,2.1119,1.7448,2.1291,1.8574,5.2859,1.0532,0.387,10.5775,0.6842,0.373,4.7481,1.6549,0.7298,1.2128,1.5387,1.2147,1.5598,0.4923,0.632,0.6026,0.9979,0.2566,0.6369,0.2382,5.6927,0.7562,0.6751,17.985,0.7737
TAG54:3-FA16:1,1.2091,0.8043,2.7767,2.0454,1.0327,1.4508,2.7007,0.8659,2.6153,0.9982,0.3706,4.1422,3.5318,0.3408,2.2888,0.8306,0.6711,1.2282,0.8415,1.4199,1.4361,0.5661,0.9862,0.9126,1.0704,0.562,0.4682,0.64,1.4295,1.4027,0.3536,7.9376,0.62
TAG54:3-FA18:3,1.0898,1.2392,1.1484,0.8173,0.9849,1.9785,1.0464,2.0707,1.5755,1.1379,0.6907,1.2149,2.1671,0.3789,2.1058,0.9391,0.8569,1.2876,0.5177,0.7539,0.9643,1.1648,1.1174,1.0458,0.4364,1.1985,0.8912,0.6342,1.4041,0.614,0.788,1.9056,0.6721
TAG54:3-FA20:1,0.7971,0.5153,1.6252,2.6611,2.5232,4.43,2.5793,1.204,4.3767,0.7556,0.2532,9.7879,1.782,0.2947,6.1897,1.1786,0.6301,1.1472,2.4366,1.1845,1.2112,0.564,0.8402,0.4379,0.9817,0.1851,0.382,0.2975,6.629,0.5712,0.5093,27.4033,0.6439
TAG54:3-FA20:3,2.2902,1.3307,2.5097,10.8031,0.7667,2.396,1.6598,1.6551,1.7083,1.7472,1.6514,3.1991,1.653,0.9816,1.9584,0.6388,1.0463,1.8768,1.4107,0.9753,2.1906,0.7836,4.5061,0.7888,2.6919,0.6983,0.6367,0.694,1.3375,1.2438,0.6077,1.5003,1.5866
TAG54:4-FA16:0,1.3491,0.6218,2.4164,1.2985,1.5656,2.6865,3.5143,1.2734,3.0766,0.9259,0.2605,3.3047,2.5926,0.6178,5.1232,0.5397,0.5857,1.2644,2.1401,0.8298,1.1332,0.7126,1.3319,0.7333,1.0497,0.3712,0.5779,0.3847,3.6122,0.6391,0.6617,5.019,0.7221
TAG54:4-FA20:1,1.2992,0.7411,2.851,4.4556,1.3538,2.3883,2.6001,1.1107,2.6549,1.4906,0.5556,6.362,5.4889,0.5522,3.9705,0.7845,0.812,1.356,1.3639,0.8942,0.9903,0.4047,1.3989,0.4699,2.3036,0.3761,0.3793,0.4161,2.5025,1.5449,0.4332,6.6093,0.8372
TAG54:4-FA20:2,1.0966,0.8247,5.5134,2.5504,1.9208,2.7918,2.8717,1.3119,3.2839,1.1527,0.3856,4.4732,1.1728,0.5003,5.1299,0.7664,0.6278,1.0417,2.1489,1.1907,1.4312,0.5934,1.7854,0.6004,1.3508,0.244,0.5489,0.3997,3.738,1.0158,0.5457,10.6417,0.6912
TAG54:4-FA20:3,1.6919,1.1022,3.4982,2.9669,0.7589,1.9176,3.9096,0.8021,1.7471,1.319,0.6187,2.634,1.0446,0.5813,1.9115,0.3953,0.5518,1.0411,1.3051,1.1013,2.098,0.8772,2.5643,0.7074,1.3077,0.324,0.5122,0.3875,2.5903,1.0205,0.3847,2.9155,1.2057
TAG54:4-FA20:4,2.2918,1.3882,3.2271,2.6244,0.6668,1.5272,2.3294,1.6496,1.5411,2.2594,0.9281,3.0731,0.9677,1.3292,1.7858,0.7591,0.6719,2.5765,0.8913,0.6157,1.5502,0.7666,1.9442,0.8862,2.1085,0.6177,0.5318,0.4835,1.3847,1.4472,0.6197,1.3839,1.4096
TAG54:4-FA22:4,2.3992,1.5078,1.9358,2.8143,0.5801,1.8716,1.3758,1.2899,2.4451,2.0777,1.1674,3.1236,1.5297,0.4889,2.148,0.853,1.2703,2.829,0.3628,0.5648,1.9029,0.5646,1.5885,1.1401,1.4555,0.6754,0.4662,0.6454,0.9801,0.7661,0.6143,1.1034,1.6372
TAG54:5-FA16:0,1.8533,0.9615,3.2454,2.7561,0.9438,1.6166,3.2034,1.6818,1.9515,1.5009,0.5251,2.8743,1.7691,0.7606,2.9033,0.6273,0.7741,1.2817,1.5114,0.7941,1.2559,0.6601,0.9793,0.8958,1.8253,0.9513,0.6253,0.8725,2.5486,0.7736,0.5894,1.975,0.823
TAG54:5-FA16:1,1.3146,1.0727,5.8865,1.5871,1.9266,2.2169,3.402,1.795,4.518,0.6275,0.2417,7.9217,1.3099,0.4062,4.522,0.7077,0.5358,1.5684,2.2124,1.5635,1.3551,0.5628,0.8777,0.4386,1.0171,0.2663,0.4335,0.3697,7.2528,1.1631,0.5388,8.2873,0.571
TAG54:5-FA20:2,1.2809,1.7434,3.4087,9.1868,1.9307,2.5995,3.2338,1.3705,4.0265,0.9229,0.8819,12.5165,0.9318,0.5599,3.6152,0.6737,0.5447,1.7646,2.1296,1.2579,1.6138,0.5871,2.8042,0.5685,5.098,0.2003,0.3539,0.2605,5.0543,1.2822,0.5195,6.6452,1.2137
TAG54:5-FA20:3,1.4107,0.6374,16.2376,3.2742,1.3246,2.1047,3.1579,1.4904,3.2595,1.0209,0.3636,5.504,0.6999,0.5623,2.8383,0.5338,0.5145,0.9791,1.8141,1.3496,1.4847,0.6089,2.3982,0.48,2.0576,0.2963,0.3604,0.3267,4.978,1.1522,0.5355,5.0364,0.928
TAG54:5-FA20:4,1.67,1.1465,3.4592,2.2661,0.7246,1.7117,4.3392,1.9019,1.3141,1.5392,0.596,2.7572,0.8207,0.9225,2.9582,0.5643,0.5779,1.7345,0.979,0.7663,1.8599,0.9641,1.4656,0.7815,1.7042,0.4629,0.4559,0.5441,2.371,0.8384,0.5761,1.378,1.1816
TAG54:5-FA20:5,2.4903,1.4029,2.547,2.1348,0.6142,2.788,0.7243,7.5044,1.1672,1.6852,0.9667,2.2311,2.4868,0.6974,9.5968,0.8133,1.2776,1.5957,0.4765,0.6213,1.8099,0.5938,2.0389,1.1054,1.335,1.3099,0.5641,0.586,0.8729,0.9053,0.8008,1.5264,1.3091
TAG54:5-FA22:4,2.9582,0.8877,2.1323,3.6552,0.9365,1.7638,1.3176,1.1802,2.2353,2.8926,0.7964,3.1269,1.2731,0.7464,2.2271,0.9235,1.0379,1.2985,0.465,0.593,1.9217,0.4546,1.8405,0.955,1.4015,0.669,0.6889,0.9576,1.1363,1.0314,0.7834,1.7654,1.4947
TAG54:5-FA22:5,2.2496,1.3064,1.7629,2.027,0.7043,1.7905,1.0269,1.1752,2.0627,1.7368,0.8049,2.2479,1.0263,0.5929,1.4964,0.8768,1.3516,1.7107,0.6568,0.8932,1.9823,0.6628,1.0039,0.9742,1.2944,0.9991,0.6393,0.7812,1.0348,0.8458,0.9003,1.6667,0.8763
TAG54:6-FA16:0,2.3126,1.9517,1.2672,2.2166,0.633,3.7004,1.138,9.6664,1.3586,1.602,1.0151,2.3601,2.4529,0.7214,16.7746,0.6319,1.1751,2.3082,0.7748,0.8611,2.4564,0.7522,1.56,0.7593,1.1672,1.1832,0.3456,0.4056,1.2469,1.2375,0.6508,1.6419,0.8985
TAG54:6-FA20:4,1.3236,0.963,3.0803,1.7192,0.8253,1.4576,4.2179,1.0677,1.8853,1.8897,0.4404,2.4242,0.8281,0.9949,2.3837,0.5008,0.5984,1.0797,1.4816,0.8337,1.7895,0.8642,1.4311,0.6659,1.2302,0.4232,0.3863,0.3745,3.2761,0.875,0.5481,1.2583,1.0109
TAG54:6-FA20:5,3.298,3.2091,1.8146,0.7486,0.9488,6.9358,1.1427,24.4996,1.0249,1.2113,3.0379,1.2307,2.2161,1.0528,35.2563,0.3802,1.6824,2.0378,0.3846,0.4677,2.5802,1.0417,3.1433,0.5945,0.6218,1.3305,0.2614,0.626,0.7244,1.2136,1.0566,2.2836,1.6879
TAG54:7-FA16:1,1.3788,1.1921,3.134,6.1576,1.0013,1.4918,1.4711,1.902,1.3959,1.2227,0.4579,3.1294,1.6604,0.9666,3.6303,0.5382,0.8784,2.2795,0.8971,0.6108,1.8574,0.5051,1.2149,1.0915,1.679,0.7908,0.7768,0.9054,2.1395,0.6819,0.8198,1.7221,0.7607
TAG54:7-FA20:4,1.38,0.8052,3.2031,7.552,0.9918,1.549,2.2472,1.0568,1.7943,1.3519,0.7345,4.3369,1.2764,0.6904,2.3994,0.696,0.9286,1.4331,0.8272,0.632,1.644,0.6025,1.2345,0.6806,2.6709,0.595,0.5662,0.7349,1.8104,1.0307,0.5494,1.6907,1.1316
TAG54:7-FA22:5,3.505,0.8431,2.8862,7.1839,0.8707,1.7173,1.066,1.4378,1.8507,2.0757,1.0355,4.1783,1.5754,0.7255,1.8543,0.6736,1.7364,1.1097,0.6601,0.6543,2.3449,0.5185,2.0493,1.3848,2.0501,0.4252,0.7067,1.361,1.0323,1.0545,0.7613,2.2965,1.0868
TAG54:7-FA22:6,2.8253,1.0907,1.8968,5.8223,0.6266,1.7147,0.9679,1.3819,1.5584,2.4585,1.049,2.9311,1.5511,0.648,1.8872,0.8419,1.084,2.5157,0.4924,0.6878,1.8216,0.5529,1.6447,1.1253,1.8843,0.7759,0.7475,0.6513,1.0041,1.0505,0.624,1.3863,0.8699
TAG54:8-FA20:4,1.7438,0.7588,3.2187,142.9293,0.9035,1.7681,1.23,1.0843,1.8468,1.5611,1.8253,41.1785,2.4173,0.7457,2.3082,1.0454,0.756,1.6066,0.4773,0.5785,0.8843,0.5977,1.8993,1.6431,24.2258,0.6646,0.9377,0.7911,0.9569,4.7354,0.5311,1.1494,1.2112
TAG54:8-FA20:5,1.9968,0.9586,3.005,205.1848,0.8777,3.4904,1.7347,1.7308,2.266,1.4189,0.9631,61.9451,3.8655,0.7212,3.7182,0.7078,2.0161,1.2334,0.7954,0.6245,2.1481,0.5004,2.8616,1.1258,38.6764,0.5989,0.4447,0.5056,1.267,6.8139,0.625,4.6306,2.0679
TAG54:8-FA22:6,3.5438,0.4242,3.7614,127.5182,0.3522,4.0532,1.0856,1.2651,1.3163,1.6402,5.5325,39.1085,3.3689,0.6157,1.7277,0.8964,0.9172,1.4128,0.2723,0.3349,0.9544,1.0165,3.4242,4.5814,21.1159,0.4604,1.158,0.9835,1.4871,4.0887,0.6362,1.027,0.7633
TAG55:2-FA18:2,1.735,0.8229,5.214,2.776,1.0085,3.838,2.1365,1.5857,2.4844,1.0914,0.4002,4.1421,1.1974,0.4475,3.3433,0.5571,2.1046,0.9843,0.9915,1.5498,2.9037,0.5819,2.8948,0.6928,1.1693,0.3528,0.4862,0.3279,2.0068,0.7692,0.4784,6.3304,0.9666
TAG55:5-FA20:4,2.0814,0.7748,3.072,4.8622,0.4714,1.4351,0.7808,1.34,1.4096,1.4602,1.7362,2.5805,1.3294,0.685,1.5024,0.7056,0.999,1.3142,1.001,0.5296,1.0872,0.5615,1.4948,1.2473,1.77,0.5041,0.6607,0.7394,0.69,0.9413,0.7029,1.1663,1.1093
TAG55:6-FA20:4,1.2093,0.9374,1.3004,1.5595,0.8235,0.995,1.005,0.8911,1.0459,1.1049,1.0096,1.1095,1.0595,0.8164,1.1121,0.9082,0.9212,1.2116,0.8392,0.8913,1.0621,0.9164,0.9881,0.9058,0.9671,0.9463,0.9286,1.1159,0.8094,1.0452,0.8924,0.9376,1.1326
TAG55:7-FA15:0,1.5071,1.3271,1.8562,6.7817,0.3905,1.6781,1.1179,1.1684,1.5538,1.4508,0.7688,4.5602,1.296,0.6665,2.4734,0.5712,0.7694,2.1528,0.5278,1.535,1.3452,0.5855,1.4022,1.0576,2.5933,0.899,0.625,0.5563,0.8361,0.3905,0.7552,1.5615,0.7733
TAG55:7-FA18:1,2.0047,1.2524,1.2111,1.1456,0.7944,1.7913,0.9833,1.3591,0.9973,1.1669,0.8614,1.2812,1.513,0.9074,1.5258,0.9027,1.1592,1.3223,0.9509,0.845,1.0938,0.9062,1.0832,0.9263,0.9277,0.9943,0.763,1.0827,0.9264,1.2594,0.9917,1.3068,0.9738
TAG56:2-FA18:0,1.2941,1.0099,5.2776,0.7049,1.1959,3.6511,2.1287,2.4494,2.0622,0.6256,0.4304,4.3227,1.4932,0.6257,3.1615,1.0659,0.9776,1.31,0.9168,0.7592,1.0267,0.517,1.2721,0.5237,0.5904,0.5318,0.5869,1.1229,2.3092,0.9568,0.7723,13.1253,0.5515
TAG56:2-FA20:1,0.8868,0.5527,4.934,1.2025,1.1188,3.8318,1.6707,1.0151,1.7606,0.7907,0.4235,5.0182,1.7102,0.3765,2.2117,1.1104,0.4465,1.1682,0.8328,0.8115,0.7204,0.4466,1.2612,0.4723,0.6425,0.3901,0.4227,2.001,1.9238,0.9737,0.3494,19.8624,0.4987
TAG56:3-FA18:0,1.2079,0.649,4.4979,2.7645,0.9928,2.2207,1.7856,1.1731,1.7962,0.6363,0.2736,4.7542,1.2391,0.6469,2.1509,0.8596,1.0241,1.1691,0.941,0.7154,1.1705,0.5475,1.3336,0.4734,1.7765,0.4205,0.4656,0.8832,2.4319,1.0072,0.7688,13.0439,0.46
TAG56:4-FA16:0,2.4585,1.007,1.8363,5.0055,1.2643,1.9099,1.6567,1.4214,1.6962,1.4299,0.6391,4.3669,8.8884,0.2853,2.4309,0.7728,0.9454,2.0531,0.7903,0.6972,1.6121,0.5375,3.2633,1.2147,3.3113,0.5025,0.8614,0.8929,1.0776,1.0701,0.6076,2.1116,0.9359
TAG56:4-FA20:2,1.1686,0.5442,3.4378,2.6193,1.1226,3.3304,2.7961,0.7949,2.1757,0.9954,0.2952,4.2664,1.2565,0.3542,2.0246,0.6885,0.5886,1.0733,1.2395,0.9354,1.6676,0.4014,1.8811,0.5956,0.9585,0.2462,0.4585,0.506,2.0509,0.9772,0.3961,21.8673,0.5803
TAG56:4-FA20:3,2.2448,1.0434,7.9981,6.4953,0.6986,2.2089,2.5651,1.394,1.2901,1.1082,0.6948,4.3575,1.5645,0.7804,1.7074,0.5035,0.764,1.8918,1.1718,0.9786,2.2712,0.7036,2.3851,0.9509,2.6998,0.601,0.6853,0.6834,1.703,1.1825,0.5469,3.3531,0.8892
TAG56:4-FA22:4,1.8069,1.2736,2.1344,4.236,0.9168,2.3199,1.1581,1.6337,2.2707,1.806,0.8653,4.6343,1.6729,0.8563,2.1913,0.8522,1.5903,2.042,0.6028,0.6163,2.4051,0.5098,3.2908,1.0607,1.977,0.8076,0.5933,0.9894,1.1031,1.0106,0.559,1.1473,1.4257
TAG56:5-FA18:1,1.4304,0.5936,3.8653,1.1955,1.1969,2.7693,3.0259,0.9598,2.3665,0.7688,0.3016,3.8993,2.6022,0.4471,3.2046,0.5626,0.9844,1.5598,1.3934,1.0016,1.3704,0.5087,1.7181,0.5314,0.9865,0.3697,0.4727,0.757,2.7582,0.8352,0.4299,9.3692,0.5097
TAG56:5-FA20:3,2.2992,0.8782,8.8456,5.0101,0.62,2.084,4.1906,1.0012,1.6731,0.9489,0.5919,4.9546,1.3554,0.7547,1.4528,0.5601,0.7205,1.5356,1.6807,0.8203,2.7994,0.7604,3.5601,0.7242,2.0555,0.3699,0.4443,0.3277,1.4676,1.0748,0.4777,4.1395,0.8255
TAG56:5-FA20:4,1.3322,1.5671,3.9095,0.2637,0.7119,4.5979,2.1473,8.445,1.0717,1.2189,1.0209,3.1093,2.1231,0.9198,10.3943,0.4599,0.791,2.083,0.9063,0.4652,1.5284,0.7903,1.4099,0.7807,2.0408,0.7473,0.3786,0.5777,1.5742,0.8996,0.731,1.7257,0.7523
TAG56:5-FA22:4,1.9106,1.1728,2.7088,6.6243,0.8425,2.0729,1.7392,1.7554,3.1809,1.8098,0.6081,6.6813,0.9878,1.1025,1.8087,0.8489,2.2886,1.2692,0.824,0.626,3.7447,0.4017,3.9806,0.9221,2.3065,0.4741,0.6327,1.2961,1.4489,1.2087,0.6425,1.3195,1.4046
TAG56:5-FA22:5,1.9649,1.1633,1.666,5.344,0.5307,2.0854,1.1727,1.9483,1.8438,1.6971,0.8604,3.8467,1.2449,0.9192,2.1736,0.7188,1.2732,1.7262,0.706,0.7545,2.8216,0.674,3.1059,1.0285,1.8027,0.7882,0.5375,0.6714,1.0217,1.2398,0.7111,1.0953,1.1036
TAG56:6-FA18:0,2.5896,2.3104,6.6736,1.007,0.7376,9.5505,0.8142,11.5241,0.6754,1.6347,1.2008,1.1534,4.4455,0.6287,15.7751,0.569,1.6036,2.0937,0.3396,0.5262,1.3347,0.6751,2.7116,0.928,0.7137,1.4161,0.4024,1.1501,0.4194,1.0082,1.4747,1.4885,0.68
TAG56:6-FA18:3,1.3415,0.7357,1.3181,2.6819,1.8654,2.3695,1.8017,1.2333,2.357,0.9848,1.0136,2.9955,1.6697,0.4464,4.7188,0.9864,0.31,1.3324,2.0289,0.8058,1.6413,0.6051,1.2806,0.6129,1.3674,0.2837,1.065,0.437,2.8188,0.5793,0.4435,1.829,0.6408
TAG56:6-FA20:2,1.9809,1.2366,2.1534,4.8877,2.6683,2.8569,2.2265,1.3843,3.3344,1.04,0.9346,3.3168,0.9227,0.5666,6.4365,0.5759,0.6817,2.0293,2.7318,1.412,3.2873,0.7898,3.1995,0.6528,1.7112,0.3361,0.7406,0.3164,4.443,0.795,0.6903,3.9748,0.8074
TAG56:6-FA20:3,2.2072,0.8395,7.9668,3.4016,0.963,2.5898,4.6823,1.2826,1.6973,1.0482,0.8578,4.0739,1.1404,0.7477,2.0918,0.5233,1.2437,1.2266,1.4916,1.3624,4.5913,0.6641,4.8066,0.7622,1.8802,0.5013,0.5849,0.4558,1.8481,0.9351,0.4797,2.212,1.0101
TAG56:6-FA20:4,1.564,1.078,7.7471,4.8329,0.6986,1.2903,5.1626,1.1686,1.0355,1.6552,0.4188,2.3613,0.9199,1.1659,1.4185,0.461,0.6802,1.118,1.3785,0.7492,1.505,0.7751,1.4785,0.7422,2.1957,0.3942,0.4125,0.5041,1.7182,1.2692,0.5721,1.6245,0.9232
TAG56:6-FA22:4,2.6285,0.6815,2.2456,7.5024,0.9177,1.9149,1.8358,1.3531,3.6514,3.3708,1.0169,5.1085,0.9979,0.6712,2.8464,0.8294,2.3542,1.1377,0.4543,0.7219,2.8538,0.4551,3.5145,0.9364,2.0661,0.446,0.4679,0.5964,1.1022,0.8495,0.7029,1.409,1.9542
TAG56:6-FA22:5,1.8491,0.9728,1.9702,2.5646,0.8517,2.6205,2.2589,1.4129,2.9899,1.8945,0.9237,3.4143,1.2545,0.6726,2.4071,0.5487,1.6954,1.5513,0.5769,0.9187,2.6253,0.6562,2.436,0.8921,1.4865,0.5353,0.6196,0.5948,1.64,0.8258,0.5155,2.4005,1.3092
TAG56:6-FA22:6,2.0318,3.3659,1.0064,2.6441,0.9958,7.3017,0.5143,11.7262,1.0932,1.8089,0.9585,1.8949,4.2014,1.0983,8.701,0.4114,1.0042,8.1619,0.3466,0.4835,2.4671,0.771,2.9054,0.7488,1.502,1.3175,0.4305,0.5838,0.563,1.0994,0.995,1.6169,0.661
TAG56:7-FA16:0,1.44,6.2687,1.5761,2.1095,0.8977,3.621,0.8066,2.8432,1.4788,1.3164,0.5606,2.5284,2.0178,0.4209,4.3032,0.9735,0.9231,1.5307,1.1274,1.099,8.8371,0.7233,1.5005,0.9545,1.064,1.0355,0.3739,0.5586,1.0996,0.7361,1.0479,2.2621,0.8252
TAG56:7-FA18:2,2.2583,0.6319,4.6405,2.2592,1.2131,1.6224,2.4873,1.5514,1.5316,1.5156,0.5632,1.6942,1.6158,0.9453,2.6823,0.4353,0.9284,1.1232,1.2933,0.8167,1.6402,0.4822,1.1947,0.8298,1.3859,0.5266,0.6112,0.5037,1.8885,0.7234,0.4753,0.9957,0.6752
TAG56:7-FA18:3,1.6472,0.4925,1.1878,2.4152,1.4212,1.5111,2.0133,1.5297,3.0976,1.2794,0.6146,2.9463,2.1221,0.5858,3.2099,0.8905,0.5469,1.1172,1.2952,0.7069,1.1306,0.6009,1.4731,0.5258,1.8505,0.4981,0.735,0.5714,1.3759,0.6925,0.6332,1.2696,0.7259
TAG56:7-FA20:3,2.255,0.915,3.5693,2.7622,0.9272,2.6314,2.5034,1.2024,1.6539,1.0588,1.7999,2.3068,0.9724,0.5218,2.1879,0.6031,1.0847,2.1039,2.3985,1.8281,3.2003,0.7166,3.1738,0.9826,1.1657,0.6085,0.5727,0.6264,1.4636,0.7741,0.6564,1.0183,1.0463
TAG56:7-FA20:5,3.1081,1.1389,8.7942,1.5204,0.5376,3.9451,2.5796,3.1184,2.2321,1.149,0.5392,2.4117,1.5718,0.8148,6.0871,0.7736,2.1854,0.8795,0.7438,0.6452,2.7461,0.733,2.5456,1.031,0.8915,0.7826,0.259,0.736,0.8118,2.9453,0.6789,7.3007,1.4248
TAG56:7-FA22:4,3.8152,0.6033,1.8679,2.5973,0.6558,1.8367,2.5413,2.0273,8.2609,5.5567,1.9443,3.8134,1.3077,0.5536,2.8732,0.8548,1.0883,0.6492,0.3181,0.9121,1.6348,0.2904,2.3788,0.878,1.4553,0.4451,0.3658,0.2311,0.4554,0.7883,0.7871,0.9668,2.6608
TAG56:7-FA22:5,2.7076,0.7665,1.9774,1.2459,1.1745,2.204,2.5532,1.642,4.4486,3.0274,0.8468,2.9106,1.412,0.808,3.9505,0.7092,1.5429,0.9088,0.6377,1.0072,2.177,0.5661,1.8162,1.1227,1.2335,0.4643,0.5806,0.5628,1.3474,0.7001,0.6468,2.713,1.5484
TAG56:8-FA16:0,1.6082,1.1432,1.6525,2.4858,1.0515,2.5038,1.0402,1.1993,1.9792,1.015,0.4868,3.2704,1.2027,0.4546,2.4463,0.5934,0.9227,1.2995,1.1749,0.8071,1.3488,0.5143,1.5637,0.804,1.2645,0.7388,0.4896,0.8118,1.6655,1.0165,0.4956,4.4726,0.7358
TAG56:8-FA18:2,1.9031,0.6801,2.921,1.9157,0.6345,1.6985,1.9173,1.556,1.7727,2.2078,0.3981,2.9173,1.9392,0.6129,2.1131,0.5739,1.5382,1.0125,0.7823,0.5808,1.9915,0.6299,2.0277,0.7842,1.4242,0.699,0.5974,0.4888,1.2327,0.722,0.5704,2.3922,0.8004
TAG56:8-FA18:3,1.9676,1.1097,1.5324,9.1247,0.9433,1.4757,1.8342,1.7207,2.437,1.7612,0.8254,5.1216,1.6185,0.6658,1.9133,1.0517,0.8903,1.1777,0.6895,0.5106,1.6185,0.5761,1.2195,0.962,2.4963,0.7232,1.0468,0.7899,1.0,0.9613,0.7219,1.5854,0.9645
TAG56:8-FA22:5,2.934,0.8028,1.2766,11.2403,0.764,1.6033,1.3047,1.9221,5.7231,3.5649,0.9906,6.6252,1.5307,0.7754,2.8282,0.5646,1.2134,0.8651,0.4592,0.7397,1.5717,0.3899,1.5235,0.9013,3.8426,0.4095,0.4444,0.3912,0.7969,0.9775,0.7017,2.4714,1.9571
TAG56:8-FA22:6,1.598,0.8155,1.29,5.7902,0.9336,1.8905,1.445,1.502,3.3499,3.2564,0.6833,4.6158,1.183,0.6773,2.57,0.6399,1.1885,1.7437,0.8902,0.7923,1.805,0.4677,2.0318,0.8177,2.5765,0.392,0.4018,0.44,1.9208,0.921,0.5086,3.6374,1.1467
TAG56:9-FA18:3,2.113,0.7346,1.8864,4.4567,0.7215,1.3174,1.5194,1.1602,2.9886,1.9821,0.6916,3.046,1.4316,1.104,1.9056,0.6432,0.9498,1.1608,0.6013,0.5977,1.0759,0.4626,1.0598,1.0598,2.1154,0.7077,0.688,0.9056,1.0669,0.7735,0.6145,1.1859,0.8446
TAG56:9-FA20:4,1.8341,0.5142,7.767,0.3057,0.6349,2.4705,0.9659,1.2391,2.192,1.7854,2.8169,2.5418,1.3238,0.5115,1.1935,0.4923,1.0,1.0839,0.4923,0.9946,1.0061,1.6893,1.2724,0.8184,2.9379,1.0877,0.8981,0.3567,0.9732,1.0801,0.8383,1.1134,3.7494
TAG56:9-FA22:6,1.8353,0.8277,1.9132,13.0333,0.612,1.945,1.3672,1.165,3.4397,2.7382,0.9905,7.154,1.8087,0.5099,2.246,0.7415,1.0593,3.0467,0.6923,0.8136,1.4167,0.4342,1.5127,0.5851,5.0761,0.4812,0.4189,0.4424,0.956,1.1674,0.4586,3.3428,1.3116
TAG57:3-FA18:2,2.0441,0.4756,2.6334,1.4695,1.1932,1.8901,1.078,1.2264,3.4508,2.0543,0.4985,3.0312,1.3568,0.632,3.6506,0.686,0.9931,1.2186,0.9119,0.8623,1.3811,0.4921,1.0865,0.6683,1.2579,0.3964,0.5606,0.4514,1.5871,0.6198,0.6774,6.4215,1.0207
TAG57:8-FA22:6,1.3633,1.0208,1.0764,2.0553,0.936,1.0657,0.8514,0.8602,1.2615,1.2085,1.0506,1.3489,1.328,0.7743,1.1357,0.9188,1.0828,1.2485,0.8483,0.8652,1.1127,0.7737,1.2002,0.9312,1.0999,0.9594,0.9206,1.0413,0.8921,0.9788,1.0666,1.2977,1.0423
TAG58:10-FA18:2,1.9155,0.5342,2.7957,1.6162,1.0808,2.0301,1.1328,1.0871,2.7906,2.0134,0.5539,3.1745,1.2333,0.4007,3.8995,0.7747,1.2223,1.0607,0.9789,1.0347,1.5724,0.3673,1.2162,0.7257,1.4942,0.4165,0.5532,0.4888,1.7498,0.5214,0.668,5.2786,1.0408
TAG58:10-FA22:5,1.8822,0.5843,2.3101,3.3227,0.9823,2.2061,0.8927,1.7476,3.8961,1.6841,0.9222,2.4914,1.1788,0.8519,2.5587,0.6554,1.0896,1.3908,0.5541,0.5974,1.3664,0.4952,1.2516,0.9731,2.0736,0.7219,0.6483,0.6092,1.7964,0.7026,0.7791,4.5869,1.0938
TAG58:10-FA22:6,1.0054,1.1805,1.7755,2.1381,1.054,1.8857,1.3084,1.2827,3.309,1.3042,0.5802,3.5628,0.9757,0.7266,1.8715,0.7419,0.7153,2.8055,0.8414,0.8838,1.5874,0.5901,1.2372,0.7229,1.0008,0.6537,0.6859,0.4864,2.3984,0.6466,0.7594,5.9942,0.839
TAG58:6-FA16:0,1.507,1.7342,3.2207,13.3144,0.4667,1.9028,0.6808,1.7115,1.4177,1.8761,0.616,7.4952,2.1953,0.6852,2.1931,0.75,1.2955,1.7601,0.6125,0.8406,2.4921,0.7596,1.5433,0.8384,6.4181,1.0517,0.6143,0.7032,0.6594,1.5101,0.6983,1.1497,0.6095
TAG58:6-FA20:4,1.6881,0.446,8.1952,6.3563,0.7659,1.4897,1.096,1.1643,1.3429,1.5548,0.8984,6.054,1.1032,0.7944,1.7714,0.6238,1.281,1.8246,0.6325,0.6254,1.3381,0.6484,1.2095,0.6492,5.1984,0.7675,0.5206,0.446,0.8032,1.0603,0.6032,1.2817,1.2063
TAG58:6-FA22:5,2.2514,1.0499,2.6777,3.3639,0.6789,2.631,1.1668,2.1623,2.1992,1.3566,0.6781,4.323,1.0199,0.6164,2.8679,0.595,0.8511,1.7061,0.5903,0.5967,1.668,0.4601,1.3703,0.7475,1.9345,0.6078,0.5693,0.5993,1.1347,0.9814,0.6224,2.7826,1.0336
TAG58:7-FA16:0,1.343,4.9875,1.6858,2.1582,0.5176,2.8279,0.4724,2.9704,1.1814,1.0506,0.4912,2.5097,1.7436,0.448,2.3571,0.7317,1.0161,1.4684,0.4722,1.0506,7.4622,0.7252,1.3547,1.1384,1.0756,0.8313,0.4435,0.5687,0.7176,0.6615,0.8781,2.2169,0.8677
TAG58:7-FA18:0,2.9328,1.9619,2.45,0.8713,0.773,6.7622,1.0415,3.5614,0.8248,1.2253,0.3471,1.325,3.9281,0.4182,3.6674,0.6671,1.0625,1.6629,0.2898,0.3826,1.054,0.6037,2.1836,0.7392,0.8799,1.3334,0.2493,0.8334,0.8973,1.008,1.7261,1.5544,0.8319
TAG58:7-FA18:2,2.1944,0.8566,3.2135,4.4729,0.7764,1.4313,1.2913,1.584,1.7885,1.5559,0.7188,3.3365,1.4924,0.8656,2.3399,0.8337,1.2983,1.6455,0.7003,0.8122,3.1719,0.676,1.4292,1.0271,2.524,0.8069,0.8792,0.7792,1.3101,0.7309,0.8538,1.6753,1.1201
TAG58:7-FA20:4,1.3907,1.1427,10.0184,7.5109,0.5358,1.5048,1.2063,1.3486,1.1734,2.1508,0.7593,4.1424,1.0417,0.7072,1.8217,0.623,0.76,2.3873,0.7845,0.7164,2.3483,0.7555,1.3088,1.1022,4.2005,1.0417,0.5006,0.5006,1.0004,0.9147,0.9996,1.8783,1.1734
TAG58:7-FA22:4,2.5352,0.9836,5.4531,4.4754,0.7604,1.7636,2.2177,1.0783,2.684,1.5146,0.8602,5.5076,1.3567,0.6117,2.2605,0.8465,1.3069,1.5525,0.7097,0.7584,3.8305,0.3765,2.76,0.9927,2.6931,0.6337,0.4978,0.4297,1.3156,0.9499,0.534,3.9622,1.385
TAG58:7-FA22:5,1.4996,0.64,4.7415,3.4322,0.8143,2.6264,1.8526,0.806,2.3681,1.37,0.8963,2.9413,0.9475,0.4631,1.4721,0.5427,0.9049,1.2348,0.743,0.9602,1.7171,0.553,1.3324,0.6397,1.4014,0.6471,0.5143,0.7747,1.8464,0.8525,0.5421,6.1826,0.6471
TAG58:7-FA22:6,2.6001,1.331,2.2355,4.9593,0.7033,2.2326,1.5882,1.729,1.6187,1.597,0.6419,4.2435,1.1351,0.6862,2.0192,0.8561,0.9434,6.3654,0.5145,0.6436,1.8321,0.5362,1.8889,0.7601,1.7791,0.7058,0.5258,0.7275,0.961,1.2278,0.8068,3.4112,0.7693
TAG58:8-FA20:4,1.6037,0.9486,6.7259,10.2104,0.4447,1.5145,0.9159,1.0201,1.428,1.6684,0.8812,5.0392,1.1216,0.8383,1.3388,0.5352,1.208,1.9299,1.0507,0.5741,1.3286,0.777,1.0909,0.7171,4.6074,1.0351,0.5877,0.8008,0.7954,1.6261,0.8056,0.4106,1.5615
TAG58:8-FA22:5,1.563,0.6388,3.2663,4.2823,0.9141,2.4569,1.8223,0.9172,2.7219,1.1151,0.611,3.9194,0.7095,0.7696,1.879,0.4151,0.7979,1.4193,0.6573,1.0056,2.0261,0.5779,1.4182,0.5908,1.5824,0.5953,0.4841,0.7763,2.0716,0.819,0.7395,7.6343,0.7258
TAG58:8-FA22:6,1.4535,0.8832,3.8701,9.4877,0.7283,2.2711,1.7378,0.8835,2.2443,1.2317,0.6063,6.1179,0.9358,0.5417,2.3262,0.5631,0.9695,2.2657,0.6269,0.7696,1.2276,0.5828,1.5706,0.5297,2.9552,0.4419,0.3964,0.8717,1.2123,1.1272,0.401,8.6017,0.593
TAG58:9-FA22:5,1.7182,0.9189,3.1487,6.0892,1.1715,1.8772,1.3676,1.3816,3.2528,1.3126,0.6522,3.6397,0.7928,0.5229,2.8727,0.6558,0.8612,1.1248,0.8996,1.0172,2.1197,0.6269,0.8337,0.6404,1.805,0.5871,0.5893,0.6709,2.6788,0.8985,0.7892,5.7586,1.0836
TAG58:9-FA22:6,1.3651,0.6893,3.9263,2.8349,0.8913,2.299,1.623,0.9704,3.1477,1.4949,0.5156,5.3289,0.9298,0.5141,2.1114,0.6901,0.7912,3.7572,0.7779,0.8674,1.6674,0.5025,1.9294,0.4671,0.9634,0.5243,0.588,0.5341,2.4232,0.5674,0.4712,10.2274,0.7905
TAG60:10-FA22:6,1.834,0.9363,3.2003,6.3952,0.6615,1.4628,1.103,1.0513,1.6449,1.5963,0.6739,2.7055,1.5114,0.5473,1.3948,0.9919,1.1501,4.0124,0.4292,0.5959,1.6395,0.7086,1.604,0.8352,2.836,0.8823,0.616,0.7518,0.9819,0.4292,0.6677,2.0324,0.7997
TAG60:11-FA22:5,2.0495,1.5455,3.0615,11.0288,0.8427,1.6462,1.3554,1.8131,2.1174,1.766,0.8267,5.3986,1.3123,0.9329,1.6126,0.6829,1.6965,1.9529,0.5455,0.7572,2.2843,0.5847,1.7252,1.1102,3.3626,0.9073,0.9944,0.3946,1.4281,1.4864,0.6502,1.7883,1.1925
TAG60:11-FA22:6,1.8241,1.0324,2.2531,11.7311,0.8423,1.4971,1.0274,1.2913,1.8257,1.4747,0.9261,5.0905,1.7643,0.8772,0.4523,0.7859,1.3577,3.9618,0.5469,0.8423,1.7909,0.644,1.1494,1.034,4.6788,0.8963,0.7079,0.7212,0.9087,0.4523,0.6066,1.7228,1.195
TAG60:12-FA22:6,1.7845,1.1134,2.6435,5.5379,0.5578,1.8901,1.4082,1.2771,1.4784,1.6648,0.6421,3.9922,1.2544,0.9461,1.5443,0.4203,1.0709,3.91,0.8483,0.5585,1.9851,0.5634,1.3863,0.7427,1.876,0.6889,1.1106,1.0262,1.0744,1.1474,1.1028,1.4954,0.9447
