TaxoName,sensitiveSample_1,sensitiveSample_2,sensitiveSample_3,sensitiveSample_4,sensitiveSample_5,sensitiveSample_6,sensitiveSample_7,sensitiveSample_8,sensitiveSample_9,sensitiveSample_10,sensitiveSample_11,sensitiveSample_12,sensitiveSample_13,sensitiveSample_14,sensitiveSample_15,sensitiveSample_16,sensitiveSample_17,sensitiveSample_18,sensitiveSample_19,sensitiveSample_20,sensitiveSample_21,sensitiveSample_22,sensitiveSample_23,sensitiveSample_24,sensitiveSample_25,sensitiveSample_26,sensitiveSample_27,sensitiveSample_28,sensitiveSample_29,sensitiveSample_30,sensitiveSample_31,sensitiveSample_32,sensitiveSample_33,sensitiveSample_34,sensitiveSample_35,sensitiveSample_36,sensitiveSample_37,sensitiveSample_38,tolerantSample_1,tolerantSample_2,tolerantSample_3,tolerantSample_4,tolerantSample_5,tolerantSample_6,tolerantSample_7,tolerantSample_8,tolerantSample_9,tolerantSample_10,tolerantSample_11,tolerantSample_12,tolerantSample_13,tolerantSample_14,tolerantSample_15,tolerantSample_16,tolerantSample_17,tolerantSample_18,tolerantSample_19,tolerantSample_20,tolerantSample_21,tolerantSample_22,tolerantSample_23,tolerantSample_24,tolerantSample_25,tolerantSample_26,tolerantSample_27,tolerantSample_28,tolerantSample_29,tolerantSample_30,tolerantSample_31,tolerantSample_32,tolerantSample_33,tolerantSample_34,tolerantSample_35,tolerantSample_36,tolerantSample_37,tolerantSample_38,tolerantSample_39,tolerantSample_40,tolerantSample_41,tolerantSample_42,tolerantSample_43,tolerantSample_44,tolerantSample_45,tolerantSample_46,tolerantSample_47,tolerantSample_48,tolerantSample_49,tolerantSample_50,tolerantSample_51,tolerantSample_52,tolerantSample_53,tolerantSample_54,tolerantSample_55,tolerantSample_56,tolerantSample_57,tolerantSample_58,tolerantSample_59,tolerantSample_60
CE(14:1),2.4676,1.047,4.1583,9.8829,0.569,0.9471,1.0025,1.1512,1.4703,2.0035,0.5208,9.3095,2.3178,0.4104,0.6753,1.5125,1.1311,3.1739,1.1822,1.0069,0.6071,2.1369,2.4367,1.4802,0.2442,0.9652,0.7451,2.0997,0.9252,0.6673,0.3405,2.1866,1.5359,0.8711,0.67,1.4576,6.2746,0.5748,1.1011,1.8852,0.5348,1.1787,2.1872,0.3572,1.1499,0.5735,0.4685,0.9927,1.2081,6.2218,0.8896,0.7512,0.758,0.7194,2.0686,0.3112,1.2704,0.564,0.6953,2.6125,1.8942,1.5359,1.0417,0.7071,2.1303,1.195,1.6966,2.3312,4.3138,0.2442,0.6038,1.2219,0.4741,0.9077,0.4642,0.8249,1.2315,1.7945,0.6805,0.554,0.8416,1.3252,0.7123,0.7673,0.7521,1.0064,0.4126,0.6127,0.3073,0.6317,0.4525,0.8754,0.5391,0.5712,1.304,0.9169,0.3015,0.3539
CE(18:3),2.3647,1.5857,9.3319,2.1124,0.509,0.6445,1.8416,1.4226,1.5802,1.7889,0.6002,2.4831,2.4075,0.8387,1.1973,2.0516,1.1978,4.1463,2.3089,0.7102,0.9195,2.3459,3.5684,3.8145,0.2314,1.0488,0.7542,3.3667,0.7534,2.3501,0.2492,1.2468,2.2005,0.7099,0.6681,0.4718,1.1472,0.6649,1.8317,1.6874,0.342,1.2894,0.9945,0.6744,0.6294,0.5911,0.3451,1.3906,0.5434,1.4352,0.5546,0.618,0.7488,1.0195,0.6262,0.2423,0.4976,1.0055,1.8998,2.8348,1.6437,1.1056,0.6032,1.2059,5.1376,2.1001,1.2303,4.2604,9.4789,0.3281,0.6259,0.5191,0.8661,1.4436,0.2363,0.8802,2.3069,1.6078,0.4311,0.523,1.378,0.6031,0.3671,0.6842,1.4244,1.0888,0.3141,0.4561,0.6306,0.4855,0.53,1.28,0.4549,0.404,0.9193,0.8496,0.442,0.5989
CER(16:0),4.0082,2.4643,2.1974,2.0316,1.0902,0.7913,2.0824,0.4395,1.1887,3.8026,1.01,1.9154,1.0996,1.2755,5.455,3.9025,5.3496,3.7034,3.4887,0.7222,3.5242,1.8135,5.3514,2.6433,0.1125,1.3506,1.9123,0.4622,0.1125,1.5465,0.1776,3.2835,1.7771,0.7502,0.9603,0.2268,1.0229,0.5381,0.5532,1.1355,0.2746,1.5759,0.6736,2.0409,0.5004,2.2042,0.329,3.9769,0.6162,1.0572,0.4942,0.2627,0.2639,0.9544,0.4267,0.4204,0.4079,1.6259,0.5669,1.0156,3.3907,5.3536,0.2964,0.4971,5.0345,0.9116,0.8157,0.6559,3.7745,1.0887,0.3325,0.4133,1.2088,0.854,0.7564,0.8321,8.2485,6.5891,0.2814,0.1517,0.7047,0.9956,0.1791,0.2611,2.0913,0.7657,0.2013,0.4668,0.4542,0.7861,1.0812,0.7805,0.456,0.5333,1.2321,0.406,1.0434,2.0586
CER(18:0),6.7614,2.5248,3.8893,2.3326,0.9939,0.994,1.8917,0.5486,0.9253,10.0731,0.5146,1.7113,2.392,0.5382,2.4496,6.003,6.7006,5.8928,3.3175,1.006,2.6585,3.257,13.8483,2.3473,0.0879,2.062,1.8925,1.3253,0.1804,0.9865,0.1503,6.7367,4.3104,0.6986,1.1162,0.1334,1.7525,0.8665,0.9647,2.3574,0.824,1.9734,0.4625,1.4214,0.55,1.8753,0.3014,4.8431,1.2758,1.6806,0.8661,0.3201,0.3442,1.0167,0.49,0.9749,0.4215,1.9244,0.4629,1.6903,8.5749,4.2565,0.5487,0.8457,6.9458,0.5836,0.5878,0.4398,8.2712,0.6716,0.1709,0.1854,0.8306,1.191,0.3151,0.7039,3.8608,10.1792,0.3887,0.2274,0.9476,0.9653,0.2176,0.2748,3.1296,1.5075,0.2804,0.6774,0.0879,1.1181,0.4852,0.8019,0.2441,1.0702,1.4584,0.4239,0.53,1.09
CER(20:0),4.0512,1.9962,2.553,3.9829,0.9053,0.9543,1.9401,0.6029,1.0292,5.0783,1.0208,1.963,1.1906,1.1451,4.0162,3.8164,3.2309,5.0607,3.8196,1.2379,1.7419,2.4167,10.8936,2.5524,0.1576,1.7577,1.1761,0.5837,0.1783,0.9831,0.2451,2.9301,2.6701,0.9918,1.5784,0.1783,1.8722,1.0077,0.6806,0.9507,0.5877,2.0044,0.5806,1.4891,0.7493,2.0224,0.4067,5.3841,1.1156,1.9527,0.8899,0.5136,0.3355,0.5503,0.6278,0.5003,0.3304,2.1067,0.6143,1.631,2.5234,3.4623,0.5106,0.7746,5.7787,0.7248,0.7386,0.4962,7.3051,0.9083,0.2746,0.2881,0.9678,0.9923,0.4368,0.788,4.7052,12.1579,0.5826,0.4661,0.6001,0.6344,0.3435,0.6157,3.7321,1.7208,0.4459,0.5373,0.1576,1.2353,0.7405,0.9664,0.321,0.7222,1.0349,0.4491,0.5192,1.0594
CER(22:0),4.13,2.9776,3.9224,3.4525,0.7303,0.9598,1.8583,0.2655,1.7138,2.6124,1.0134,2.2183,0.9563,1.5672,5.9015,4.0172,2.9,7.6121,4.8066,1.1541,2.8087,1.521,5.1855,3.1987,0.1136,1.3725,1.6606,0.6788,0.1182,2.1029,0.1363,1.5811,1.0749,1.2504,1.354,0.1994,1.5048,0.9154,0.5091,0.6293,0.3341,2.4327,0.3691,1.923,1.0094,3.5122,0.5047,4.9529,0.5744,1.4631,0.5666,0.2159,0.2192,0.692,0.4738,0.3351,0.3497,1.6751,0.6028,1.1427,1.4623,4.4787,0.3431,0.7212,7.3477,0.6058,0.5109,0.5009,6.5321,1.237,0.1995,0.226,1.3451,2.0278,0.4161,0.7573,4.9269,8.1097,0.317,0.1136,0.7028,0.567,0.186,0.2631,3.5105,0.9875,0.2203,0.6001,0.2198,0.9906,0.8234,1.1754,0.357,0.7202,1.0946,0.3942,0.8142,1.6557
CER(22:1),3.2141,1.7998,4.4974,9.2275,0.7032,1.4369,1.1205,0.4748,1.6409,3.7651,0.8266,4.9895,2.1769,0.8431,2.6099,2.3417,2.4056,7.1423,5.9517,1.0453,2.2695,1.0648,3.5598,2.5617,0.3225,1.2533,1.0345,0.9556,0.3457,1.0703,0.3225,3.1085,1.7226,1.1435,1.1279,0.3284,3.242,1.0285,0.664,0.6601,0.5204,1.6481,0.8885,1.097,0.9226,2.4738,0.7743,2.2912,0.7922,3.2741,0.769,0.4899,0.6332,0.8637,1.244,0.535,0.5076,0.9938,0.5759,1.0893,1.5515,2.2367,0.4806,0.8373,3.6759,0.6418,0.7042,0.5289,4.0107,0.7556,0.4917,0.4399,1.2538,1.8537,0.6746,1.002,2.972,4.1447,0.6133,0.4114,0.7799,0.5716,0.4302,0.5791,2.8722,0.8131,0.4182,0.7821,0.4155,1.5785,0.5691,1.1131,0.3887,0.9522,0.8757,0.5126,0.7506,0.8855
CER(24:0),3.5581,3.3577,3.7989,3.6904,0.8651,0.8746,2.0209,0.3321,1.4688,2.8866,0.9714,2.0885,1.1615,1.7374,5.5381,4.2246,2.5512,5.1049,3.9047,1.0708,3.0611,1.7318,4.8922,3.1982,0.1319,1.486,2.1156,0.8591,0.1319,1.7609,0.1568,1.7294,1.2001,1.1466,1.1544,0.2444,1.5255,0.9027,0.5951,0.6416,0.3216,2.2815,0.5357,1.8369,0.7872,2.7408,0.4088,5.5244,0.6846,1.5907,0.5749,0.27,0.2386,0.7651,0.5093,0.2547,0.3706,1.721,0.5935,1.14,1.3302,5.0871,0.3262,0.7706,6.7814,0.7402,0.7176,0.4946,5.6759,1.0286,0.3015,0.3431,1.323,1.8496,0.5279,0.6974,6.6405,8.8444,0.369,0.1827,0.6765,0.6827,0.2277,0.3183,2.9951,0.8913,0.2378,0.4756,0.3548,1.1252,0.9594,1.1695,0.4221,0.7525,0.9185,0.428,0.9315,1.4756
CER(24:1),3.2277,3.5562,2.8167,3.1435,0.5898,0.8765,2.2627,0.2991,1.2271,3.2514,0.8585,1.9892,1.0779,1.3724,5.3946,4.6133,2.5237,3.9779,4.076,1.0933,2.866,1.9842,6.4274,2.5067,0.1173,1.6335,1.6427,0.6291,0.1173,1.3305,0.1392,1.2789,1.0089,1.0924,1.3406,0.1438,1.4796,0.8044,0.5818,0.5663,0.28,1.768,0.4258,1.619,0.7432,2.5967,0.3717,4.4337,0.7646,1.5732,0.5116,0.1913,0.2547,0.6503,0.457,0.1904,0.3165,1.5639,0.6405,1.1275,1.7817,6.5921,0.2776,0.7695,4.9967,0.6653,0.6374,0.4499,5.6655,1.0137,0.2501,0.3429,1.3135,1.2721,0.4048,0.6246,8.107,9.5937,0.3026,0.1424,0.6929,0.6396,0.1682,0.2511,3.4659,1.095,0.1669,0.446,0.3516,1.1229,0.7586,1.2898,0.2757,0.5619,0.8006,0.3993,0.6684,1.3068
DAG(16:1/18:3),3.0415,1.3468,1.4785,11.9216,0.911,1.2169,2.1455,0.9028,1.796,1.4591,1.4402,5.9784,2.3691,0.7628,0.7129,1.3653,0.5553,1.3805,1.3245,1.852,1.2076,1.1409,2.55,1.0923,0.3549,1.776,1.0586,1.7908,0.3702,1.1174,0.3549,1.518,1.0486,0.8315,0.9595,1.4692,6.1339,1.0781,0.5591,1.3904,1.0507,1.8822,0.9124,0.4433,0.7436,1.2896,0.6951,1.5761,1.7724,5.0858,0.5013,0.7385,0.4062,0.9644,1.2456,0.4825,0.9078,1.6692,0.4615,2.5605,1.0035,0.9264,1.2718,0.7249,1.7399,0.6922,0.8128,0.7507,0.8595,0.3656,0.4685,0.5995,0.8143,2.0874,0.5759,0.6252,1.3877,1.3969,0.9202,0.6692,0.7619,0.4593,0.5811,0.8314,0.8797,0.5616,0.6536,0.6046,0.9546,1.1889,1.1279,1.0323,0.815,1.0931,0.5851,0.9637,0.7129,0.6369
DCER(22:0),2.8192,1.8925,2.0532,1.2848,1.1267,0.9436,1.1143,0.7384,1.349,2.2439,1.6025,1.2581,1.0435,0.9993,2.2549,1.5666,1.8095,2.9408,2.7157,1.1238,1.5167,1.5232,2.5256,1.4681,0.3509,1.0275,1.1777,0.9866,0.4153,0.9767,0.3509,1.5214,1.2859,1.1707,0.8809,0.4858,0.8684,0.6905,0.7351,1.1408,0.7318,1.2443,1.3429,1.277,0.7605,1.8589,0.5135,2.5562,1.0313,0.951,0.6985,0.6087,0.5303,0.704,0.5704,0.7836,0.5818,1.2686,0.6439,0.8815,1.799,3.4022,0.9191,0.6584,3.3614,0.9386,1.2738,0.5721,2.9827,1.1341,0.8183,0.5893,1.007,1.289,0.8732,0.8103,4.442,3.6889,0.6014,0.5739,0.7232,0.8905,0.4904,0.5976,1.9096,0.9217,0.6359,0.7784,0.4856,0.8708,1.2069,1.0061,0.6677,0.7603,1.1861,0.6977,0.9599,0.9509
FFA(18:0),1.26,0.9781,1.4283,1.0533,0.9378,0.9433,0.7088,1.6878,0.8842,1.4663,0.6656,0.5813,0.8389,0.3171,0.39,1.4377,0.6857,0.8345,0.724,0.6955,0.735,2.2739,3.1293,0.7572,0.1673,0.7397,0.5531,1.3676,1.4271,0.3594,0.4613,2.2222,1.3308,0.4771,0.5658,0.9097,0.8598,0.5353,1.9042,2.275,1.1063,1.559,4.2699,0.3406,0.6355,1.6218,1.1133,0.8793,1.2911,0.9215,1.5588,1.2182,2.1749,1.4746,1.1014,1.0984,1.3009,0.4813,0.8815,1.7136,1.2934,1.6075,1.1854,0.8754,1.4941,2.1999,1.2131,0.6716,0.8225,0.2569,1.0908,2.0856,0.7021,0.6246,2.2223,2.3742,0.9857,1.2145,1.1915,0.9967,0.8667,1.1406,1.8142,0.736,0.6805,1.0957,2.0367,1.6663,0.1673,0.5208,0.2107,0.9017,1.2899,0.9978,1.4708,1.3891,0.7639,0.385
FFA(18:1),0.955,0.9035,1.0975,0.618,0.9809,0.9451,0.72,1.477,0.961,1.0033,0.6212,1.3653,0.7206,0.4347,0.4116,1.2728,0.6657,0.6723,0.6501,0.6078,0.9534,1.9139,2.7669,0.6783,0.2404,1.5167,0.5826,0.8072,0.8862,0.4046,0.3757,1.6414,1.1351,0.4514,0.5169,0.7277,0.5614,0.5513,1.8604,1.9402,0.8289,1.8016,2.2379,0.5107,0.7475,1.6152,1.3364,0.8732,1.5425,0.5361,1.4065,1.1363,2.4175,1.3784,1.2164,1.2763,1.7337,0.4531,1.4317,1.7414,1.3203,1.1724,0.3643,0.3996,1.4512,1.6963,0.9158,0.7212,0.9967,0.4758,1.1873,2.0133,0.8798,0.6049,1.8693,2.8031,0.9408,1.3569,1.3343,1.0619,0.5225,1.0986,1.8637,0.7259,0.596,0.6333,2.1144,1.614,0.2404,0.5993,0.347,1.2652,1.4996,1.2106,1.3287,0.8594,0.665,0.4915
FFA(20:0),1.2128,0.5872,1.4942,0.6132,0.8916,1.3945,0.4403,1.2717,1.4776,1.3798,0.4934,0.5332,1.1226,0.3474,0.331,1.3561,0.5749,0.7556,0.5274,0.631,0.5404,3.2964,9.6297,0.5665,0.1092,0.5705,0.3132,1.4046,1.3485,0.2717,0.4795,2.4348,1.0962,0.3556,0.3682,1.2125,0.6242,0.4728,1.4625,3.3934,1.6233,1.7018,5.2382,0.1878,0.5641,1.4375,0.8972,0.4832,1.9577,0.653,2.0065,2.1233,1.7032,0.8915,0.6138,2.7689,1.7296,0.4051,0.4268,1.025,4.2257,2.8762,2.1436,0.7395,1.6099,2.8516,1.4346,0.5694,0.693,0.1595,1.4259,2.3196,0.5365,0.3494,2.2994,1.8068,0.6134,0.6801,1.9591,0.9084,0.9295,1.3762,2.7941,0.594,0.6497,0.7255,2.2176,3.0757,0.1092,0.5731,0.5307,0.5695,1.8882,2.3614,1.8482,1.0389,1.6852,0.1815
FFA(20:1),0.7128,0.7064,1.6209,0.4887,1.0818,1.4348,0.4137,1.0049,1.2872,1.177,0.2745,0.9951,0.9547,0.4208,0.4058,1.15,0.5274,0.4957,0.4416,0.6007,0.9206,3.6523,6.4417,0.654,0.2025,0.6171,0.3398,1.8057,1.2207,0.4928,0.4382,1.9903,0.972,0.2637,0.2467,0.8251,0.4061,0.4555,1.8805,1.9462,1.4751,1.385,3.6472,0.2478,0.8524,0.7116,0.797,0.8036,1.5628,0.4118,1.5967,4.9294,1.9506,1.0221,0.6196,1.9778,1.7859,0.3107,0.5608,1.5445,1.6104,1.3792,0.7319,0.3661,1.3829,1.3175,1.3725,0.6597,1.0108,0.2025,1.2807,2.3616,0.7578,0.4166,1.6974,2.2455,1.8743,2.4186,1.8025,0.6367,0.4386,0.6761,1.7576,0.6942,1.9252,0.3954,2.1638,1.6718,0.2225,0.9766,0.214,1.0648,1.725,1.7825,1.058,0.7518,0.4956,0.2035
FFA(22:0),1.683,0.4208,2.6115,0.6307,0.8001,1.5028,0.3821,1.362,1.4024,1.2668,0.4624,0.3487,1.14,0.4335,0.3131,1.0028,0.9972,0.8797,0.6609,1.1889,0.6022,2.9995,6.4426,0.4551,0.0969,0.3916,0.261,0.9392,0.9444,0.262,0.4955,2.4298,1.4551,0.4018,0.6347,2.3854,0.4403,0.6735,1.3916,3.8177,1.3879,2.4518,4.9459,0.1688,0.6472,1.1299,0.9037,0.3978,2.1774,0.5005,1.9454,1.7828,1.7927,0.8421,0.6597,6.3604,2.047,0.6337,0.4571,1.4127,6.7167,1.7433,3.4531,0.7144,1.9694,3.2705,1.8816,0.6735,1.0915,0.2345,1.3501,2.5609,0.6086,0.4636,3.0882,2.2129,0.5234,0.5505,3.7225,0.8596,0.7266,0.909,2.9798,0.7694,0.8202,0.6498,3.7524,4.3286,0.0969,1.2028,2.284,0.7704,4.7148,3.6056,2.9141,0.8967,0.9667,0.316
HCER(22:1),1.3929,4.9746,0.936,12.1821,0.8782,1.1754,2.3763,0.7105,1.0289,1.4981,3.6594,5.6795,1.015,1.7513,2.7881,4.6849,4.4624,1.4612,2.5698,0.4974,1.1542,1.3277,4.8001,1.7438,0.1857,1.966,1.7771,1.4598,0.1857,1.4171,0.294,1.8647,1.0396,0.6382,0.6753,0.2896,3.9188,0.814,0.5224,1.1268,0.4879,2.5362,1.6342,3.5138,0.7175,2.2359,0.5297,7.986,0.9517,3.3158,0.5067,0.4821,0.7651,0.9132,0.7545,0.2652,0.6348,1.6756,0.3599,0.9835,1.7194,0.985,0.5672,0.5041,4.2422,1.3252,1.0895,0.4193,4.8197,1.4656,1.0232,0.7112,1.2927,0.9828,0.8486,0.4991,9.817,25.1568,0.4865,0.3216,0.4085,0.6442,0.2637,0.339,1.359,0.8898,0.3262,0.4645,0.5736,1.2576,1.6344,0.6662,0.5585,0.5182,0.4452,0.293,2.1289,2.9249
HCER(26:0),3.8029,3.0318,1.2518,3.4672,1.0371,1.1529,1.8025,1.5665,2.4619,6.472,1.0214,2.2459,1.8171,1.2499,2.3177,2.9104,2.6622,2.0291,2.1091,0.3071,0.6782,2.2205,6.4893,1.1131,0.1908,1.2862,1.4222,1.0583,0.2888,0.802,0.1908,2.6509,5.6364,0.4316,0.4328,0.254,1.5507,1.8133,1.6288,2.4525,0.5589,1.2286,0.8112,1.9365,0.3849,1.2256,0.2778,2.2206,0.8582,1.2637,0.6259,0.3831,0.2574,0.5389,0.5406,0.7741,0.406,1.4571,0.5267,1.2321,9.6583,5.0615,0.5151,0.4513,3.7147,1.2993,0.9673,0.3678,3.154,1.0423,0.557,0.5131,0.9786,0.5559,0.441,0.5889,4.2395,7.5772,0.8842,0.7351,0.3481,0.5117,0.4183,0.5762,0.8132,0.5091,0.259,0.6676,0.4946,1.7056,0.8544,0.6351,0.5233,0.7091,0.8199,0.5444,1.1007,1.3448
HCER(26:1),5.374,5.7854,4.7944,2.2452,0.731,0.7142,2.7183,1.1771,1.9424,4.1754,1.2049,1.5021,1.5083,1.0256,3.4607,7.4864,5.2883,3.0535,3.0011,0.4806,1.279,1.9646,11.267,1.4285,0.1463,1.5645,1.5684,1.0247,0.3297,0.8324,0.173,2.4793,3.341,0.442,0.3262,0.1463,0.9769,1.0206,1.2986,1.9026,0.4767,1.9933,0.5985,1.3746,0.3693,1.1572,0.2117,7.0853,0.5082,0.9299,0.3835,0.3549,1.1659,0.6771,0.6896,0.5297,0.7553,1.5279,0.654,1.9209,5.4214,2.8117,0.622,0.4022,4.9255,1.2374,0.9239,0.4036,4.228,0.528,0.4443,0.3629,1.528,1.0179,0.3016,0.8402,14.2783,30.2896,0.3749,0.3899,0.3544,0.4947,0.2718,0.3213,1.1062,0.3999,0.2631,1.3878,0.2102,1.2506,0.7307,0.9267,0.5908,1.2131,1.2104,0.6592,0.9641,1.0475
LCER(14:0),3.2356,5.2117,1.3157,2.5022,1.9974,0.8291,2.7417,1.0935,1.0016,1.9964,2.5241,1.9586,1.0929,1.5608,4.0501,6.8786,3.3192,1.5511,2.1461,0.7677,1.1867,1.5323,5.3719,1.9586,0.2751,2.1734,2.8305,0.9545,0.2959,1.1333,0.3084,1.1008,1.1586,0.97,0.8855,0.2751,1.4118,0.555,0.6828,1.1949,0.4813,0.9517,0.8108,3.6505,0.7752,1.5022,0.4377,3.0875,0.7103,1.1464,0.4388,0.4334,0.7133,0.7531,0.5812,0.5032,0.7321,2.4102,0.6021,1.4964,1.4977,1.5513,0.8047,0.6281,3.5187,0.6534,0.9394,0.4447,2.054,1.0386,0.658,0.6678,1.8512,1.0358,0.6219,0.4908,3.0504,4.8821,0.4974,0.4879,0.5497,0.6517,0.3084,0.5259,1.0679,0.4582,0.321,0.6995,0.7471,1.0243,3.1422,0.8275,0.6836,0.6422,0.9984,0.5227,1.9311,2.4691
LCER(16:0),1.5976,14.3889,0.7872,7.1914,4.0359,1.276,8.3971,0.8058,0.7172,1.023,5.9443,4.9323,0.3621,2.7826,10.2447,21.5467,3.8449,2.0234,3.3004,1.1494,1.8245,3.2751,10.1935,4.5607,0.1217,5.1743,7.1159,0.6756,0.1274,3.7033,0.2044,0.6927,0.5554,1.6521,1.9049,0.1641,2.8879,0.3907,1.5086,0.3845,0.3651,0.5513,0.391,7.3129,1.1072,0.9229,0.5025,10.6256,0.7999,2.4914,0.2016,0.1601,0.2324,1.0989,0.5607,0.1315,0.7693,4.7507,0.977,1.7047,0.5588,0.5189,0.311,0.6665,8.3047,0.4033,1.3698,0.2929,1.2966,1.8922,0.2889,0.3312,3.2811,0.725,0.4919,0.6881,7.0414,8.7424,0.3215,0.1898,0.2012,1.0713,0.1217,0.1932,1.5357,0.3016,0.2089,0.4015,1.7527,1.7321,6.5949,1.5153,0.5052,0.2437,1.2665,0.3148,4.9614,4.578
LCER(18:0),1.5647,36.8354,0.9883,5.3938,4.9795,1.55,3.0189,2.2705,0.7262,1.1013,3.1002,6.105,0.6128,1.2097,7.995,47.4531,3.0336,1.9239,1.8885,1.0117,2.8922,2.7553,13.5924,5.3642,0.1923,4.1579,5.6236,2.1997,0.2792,3.8311,0.2245,0.808,0.7696,1.1877,1.0296,0.1923,3.0682,0.658,1.3808,0.5222,0.6868,0.565,0.3071,3.9548,0.8197,0.9498,0.4206,10.1868,1.2579,2.5753,0.3485,0.2206,0.21,1.0758,0.5441,0.2009,0.6401,5.0206,0.9411,1.2408,0.5895,0.5099,0.4925,0.9561,8.104,0.3032,0.4518,0.3195,1.648,1.7874,0.3177,0.2935,4.9431,1.392,0.3539,0.4611,4.2252,13.7471,0.4109,0.3706,0.4154,0.3948,0.2289,0.2671,1.4032,0.3536,0.2194,0.283,0.7339,1.6781,7.5662,1.4794,0.426,0.3168,0.7906,0.4083,8.3042,4.8031
LCER(18:1),1.2989,1.4408,1.1581,0.958,0.884,1.0128,1.1181,1.0035,1.0559,1.2275,1.1409,1.021,1.0072,1.1976,1.6027,1.7813,1.4527,1.046,1.1995,0.9058,1.1284,1.0064,1.3534,1.0647,0.7182,1.1437,1.278,0.8336,0.9081,1.0441,0.9605,1.0487,1.1314,1.0789,1.0499,0.7182,0.7664,1.0021,0.8179,0.9662,0.975,0.9125,1.127,1.2345,0.9621,0.9549,0.8942,1.3127,1.0389,0.7748,0.9446,0.8511,1.0386,0.8037,0.7226,0.9165,1.0074,1.0533,0.7324,0.9711,0.9164,1.2285,0.8666,1.1142,1.3303,0.8892,1.1041,1.0508,1.0498,0.8534,0.9857,1.0227,1.1882,0.831,0.9836,1.0501,1.0797,1.4272,0.9553,0.869,0.9027,1.009,0.9678,0.8877,0.9552,0.9415,0.9562,0.8631,0.8681,1.1092,1.0157,0.944,0.9933,0.9875,0.9609,0.8345,1.327,1.1503
LCER(20:0),4.5757,13.0573,2.0467,6.8207,3.2763,1.4017,4.7861,1.1364,1.0891,3.422,3.5349,4.7648,0.6771,1.4351,7.7816,14.5703,3.4474,3.4196,3.1944,0.562,1.3759,2.4041,11.7013,4.3938,0.1882,7.4166,4.333,0.6505,0.1882,1.625,0.2268,1.3036,0.9815,0.9871,1.3374,0.2079,2.8978,0.683,0.9927,0.969,0.635,0.6069,0.7118,5.1416,1.0964,0.8226,0.3938,8.4702,1.0073,2.5559,0.2683,0.2887,0.3585,0.7495,0.6256,0.2521,0.9199,5.8596,0.65,1.0545,1.2476,0.938,0.5529,0.7364,5.0778,0.4197,0.7086,0.4094,2.4537,1.789,0.3275,0.3709,2.8376,0.7749,0.2897,0.6163,4.7527,10.1528,0.4615,0.3953,0.4258,0.528,0.2177,0.3202,1.9271,0.4367,0.2389,0.4788,0.8786,1.3485,5.0592,1.3769,0.3549,0.5095,1.4527,0.5423,4.2832,3.3394
LCER(20:1),5.937,2.5695,2.2853,1.9742,1.1405,1.192,1.625,0.5695,1.7813,3.7245,1.2311,1.9841,1.2925,1.2813,2.9715,3.783,2.5255,5.2222,3.3692,0.448,0.9583,1.4863,4.0174,1.6062,0.2746,7.6451,1.9266,0.7121,0.3478,1.2389,0.2746,2.2174,2.0949,0.7431,0.696,0.294,0.9507,0.6688,0.5809,1.6166,0.4056,0.901,1.4265,2.1708,0.6498,1.5125,0.4054,2.2146,0.7887,1.0811,0.4237,0.4323,0.6582,0.8861,0.4762,0.5082,1.4923,1.8487,0.4632,1.2284,3.0671,2.0652,0.8781,0.5887,2.4012,0.6666,1.0227,0.6718,3.2326,0.9091,0.5971,0.5777,1.7741,1.2294,0.4979,0.5662,3.3793,3.144,0.5771,0.5107,0.7064,0.5615,0.2976,0.5322,1.2132,0.6213,0.3196,0.6832,0.5946,1.3013,0.9773,0.8974,0.4363,0.8285,2.2404,0.6629,2.403,1.668
LCER(22:0),1.7683,17.6495,0.8185,11.1694,6.0438,1.7763,10.2474,0.8573,1.0572,1.1674,9.3383,7.8662,0.4436,1.9041,12.6404,22.2482,3.3833,3.6673,4.3218,0.7607,2.3107,2.558,9.7101,5.6977,0.1393,7.0046,10.3695,0.7796,0.1393,3.2812,0.1509,0.8588,0.6453,1.659,1.6541,0.179,3.2686,0.5123,0.8705,0.6834,0.4618,0.5324,0.4089,10.6742,1.8318,1.166,0.7649,10.9438,1.0422,2.9009,0.1926,0.1739,0.1419,1.3826,0.7663,0.1476,0.5367,9.1877,0.9578,1.1266,0.7364,0.5938,0.3694,0.6907,9.4075,0.2668,0.5294,0.3571,2.1862,1.937,0.3,0.4095,4.6626,1.3872,0.4633,0.466,4.2527,7.8383,0.3994,0.2367,0.3395,0.5033,0.161,0.1608,1.2404,0.2224,0.2207,0.3596,1.101,1.655,8.0262,1.6351,0.3637,0.349,1.1385,0.214,12.296,6.8893
LCER(22:1),5.7531,6.36,1.0595,5.6854,2.0177,1.2743,3.3028,0.7321,1.2021,3.0516,2.5034,4.0604,0.6887,2.262,5.8355,7.7472,3.0207,1.9229,2.7244,0.737,1.5292,1.7325,4.6083,2.9539,0.3058,2.8742,3.4016,0.8492,0.32,2.0671,0.358,1.4212,1.0053,1.2697,0.9947,0.3058,1.7893,0.6326,0.5648,0.7482,0.5987,0.8368,1.3805,2.9272,0.771,1.3946,0.5017,3.9542,0.937,1.8208,0.5627,0.6115,0.6072,0.6759,0.6821,0.5739,0.6622,2.7267,0.6242,0.8742,1.1569,1.0847,0.9134,0.6024,4.1435,0.5982,1.2759,0.5074,1.7316,1.3397,0.6054,0.7492,2.019,1.2191,0.5661,0.519,2.3343,4.0309,0.7672,0.4778,0.5348,0.7429,0.4315,0.5331,1.0184,0.5203,0.3847,0.6976,0.9403,1.4561,2.5629,0.7854,0.5845,0.7036,0.7406,0.5161,3.2534,2.4431
LCER(24:0),2.0018,18.6421,1.0734,11.3359,5.9306,1.9947,8.2796,0.9655,0.9567,1.0241,7.8888,7.9602,0.5589,2.4893,11.0417,21.496,4.304,2.9321,3.5823,0.8949,2.5718,3.0095,11.0615,5.682,0.1729,5.6851,8.7688,0.9759,0.2068,4.3108,0.1729,0.9498,0.8808,1.8895,1.7452,0.2079,3.7326,0.639,1.1396,0.4836,0.6137,0.6151,0.5045,8.221,1.464,0.9497,0.5339,12.0985,1.1437,3.2631,0.2862,0.2345,0.4415,1.5049,0.9387,0.2181,0.7353,6.7862,1.0759,1.3661,0.7261,0.5082,0.435,0.8262,9.5679,0.4656,0.7865,0.3126,2.4484,1.9077,0.4269,0.4596,4.2782,1.4185,0.4438,0.5079,5.1508,8.2438,0.5344,0.3375,0.327,0.7873,0.2241,0.2032,1.5275,0.2941,0.2884,0.505,1.5191,2.0631,8.2032,1.7984,0.5835,0.4796,0.9007,0.332,7.5799,5.249
LCER(24:1),1.18,19.0077,0.6959,11.1965,4.526,1.9628,9.6053,0.98,0.6226,0.9842,7.7027,8.2516,0.5076,3.7735,10.8713,24.152,4.0484,1.6953,2.89,1.1414,2.2492,3.8507,10.5008,4.2685,0.1192,5.0589,6.8166,0.7223,0.1955,5.9266,0.1454,0.7312,0.6148,1.8838,2.0263,0.1192,4.6028,0.589,1.8,0.5236,0.5064,0.6983,0.5741,7.1065,1.07,1.0148,0.4775,12.1228,0.8954,3.9794,0.2789,0.2419,0.5855,1.2092,0.9944,0.2303,0.6657,5.0747,0.9721,1.7278,0.6768,0.5827,0.5233,0.7897,9.7984,0.7579,1.3432,0.2724,1.4826,2.3332,0.31,0.5112,3.6044,0.859,0.4534,0.5785,8.4328,9.3561,0.554,0.3502,0.2621,1.4285,0.1426,0.1958,1.5403,0.3089,0.294,0.5521,2.0149,1.8812,6.7685,1.6012,0.6271,0.567,1.0056,0.3133,3.825,3.7107
LCER(26:0),4.6752,3.4007,1.3995,6.0214,1.9766,0.9452,3.0292,0.8274,1.1472,2.543,1.698,3.7647,1.4477,1.1288,5.7217,5.1253,4.7387,3.5447,3.0569,0.5609,1.3845,1.9856,5.8017,1.6954,0.2916,2.6279,3.5211,1.0087,0.3204,1.2679,0.3147,1.5753,1.5014,0.6842,1.3868,0.2916,1.8588,0.8288,0.5554,1.3531,0.7792,0.8098,0.9913,2.5745,0.5217,1.2924,0.3609,3.8635,0.9183,2.1354,0.4674,0.5826,0.8008,0.6842,0.8554,0.5404,0.5794,2.4928,0.4524,1.2422,1.6871,2.0941,0.7734,0.5722,3.0294,0.6605,0.7171,0.4991,2.6394,0.8871,0.5924,0.8658,1.9114,1.0964,0.6357,0.6683,3.3926,4.8733,0.6097,0.6031,0.5309,0.7385,0.4454,0.4965,1.2812,0.4535,0.4426,0.5924,0.474,1.4206,2.1865,0.9333,0.705,0.9885,1.0794,0.5829,2.2893,1.8609
LCER(26:1),3.9908,2.8258,1.5646,2.3924,1.2829,0.9097,1.5019,0.7943,1.1619,2.3883,1.065,2.2512,1.0811,1.2469,3.914,5.0205,3.8353,2.0404,2.4492,0.5372,0.987,1.9071,4.6393,1.5843,0.2231,1.4942,1.5104,0.8007,0.3602,1.2159,0.3451,1.5357,1.4896,0.7823,1.0248,0.2231,1.2331,0.8117,0.5308,1.0944,0.548,0.9729,1.0271,1.4492,0.3487,0.9941,0.3515,2.4295,0.6255,1.3147,0.3814,0.5162,1.35,0.681,0.5585,0.6567,0.4948,1.6485,0.2231,1.1371,1.605,1.6193,0.846,0.571,2.7227,0.6168,1.0507,0.4316,2.6129,0.7032,0.4676,0.4884,1.0839,0.835,0.593,0.747,3.6145,5.6779,0.5403,0.6012,0.495,0.7194,0.3735,0.4817,1.496,0.7173,0.3881,0.9959,0.4589,1.1369,1.2134,0.9233,0.474,2.2671,1.0402,0.582,1.0,1.2034
LPC(16:0),0.282,0.8284,0.282,0.282,0.282,3.1369,0.6076,0.282,0.282,0.282,0.3613,0.5985,0.282,5.2656,2.1829,0.282,0.282,1.5629,11.7654,2.0801,0.5634,0.282,0.282,19.4998,0.282,1.9228,0.6701,0.9981,0.282,15.9681,0.282,0.282,0.282,1.4946,6.1138,0.6492,0.282,0.296,0.282,0.282,0.282,0.282,0.282,3.2456,1.6851,0.282,0.282,0.7024,0.282,0.282,0.282,0.282,0.282,1.6517,0.282,0.282,0.282,0.4081,0.282,1.0019,0.282,0.282,1.154,1.5548,0.282,0.282,0.282,5.93,0.5528,1.8166,0.282,0.282,0.6479,0.4801,0.282,0.282,0.282,0.282,0.282,0.282,0.282,0.282,0.282,0.311,0.5021,0.6271,0.282,0.282,6.8798,0.7214,0.4249,0.282,0.282,0.282,0.282,0.282,0.282,0.3009
LPC(18:0),0.2776,0.7187,1.5851,0.2776,0.5536,2.0642,0.4717,0.2776,0.2776,0.2776,0.4462,0.6758,0.2776,1.8835,2.0746,0.2776,0.2776,1.0972,8.3869,1.1489,1.5243,0.2776,0.2776,21.7587,1.9485,1.0278,0.4226,0.2776,0.2776,18.7297,0.2776,0.2776,0.2776,0.9142,1.7333,0.4802,0.2776,0.2776,0.2776,0.2776,0.2776,0.2776,0.2776,3.8031,0.2915,0.2776,0.2776,0.2776,0.2776,0.2776,0.2776,0.2776,0.2776,0.2776,0.2776,0.2776,0.2776,0.467,0.3918,1.2613,0.2776,0.2776,1.1793,1.1272,0.7587,0.2776,0.2776,6.6887,0.7033,3.5579,0.2776,0.2776,0.6117,0.4216,0.2776,0.2776,0.7581,0.2776,0.2776,0.2776,0.2776,0.2776,0.2776,0.2776,1.2416,0.8918,0.2776,0.2776,4.9267,0.4183,0.6784,0.2776,0.2776,0.2776,0.2776,0.2776,0.2776,0.3651
LPC(18:1),0.1408,0.1408,0.1408,0.1408,0.1408,1.0,0.1408,0.1408,0.1408,0.1408,0.1408,0.1408,0.1408,0.4024,0.1408,0.1408,0.1408,1.4585,1.3142,1.1313,0.287,0.1408,0.1408,1.1189,0.1408,1.6193,0.2179,0.1408,0.1408,1.595,0.1408,0.1408,0.1408,0.3556,1.0945,0.1408,0.1408,0.1408,0.1408,0.1408,0.1408,0.1408,0.1408,0.5018,0.4136,0.1408,0.1408,0.1408,0.1408,0.1408,0.1408,0.1408,0.1408,0.1408,0.1408,0.1408,0.1408,0.1408,0.1408,0.1408,0.1408,0.1408,0.1408,0.1408,0.1408,0.1408,0.1408,0.552,0.1408,0.1408,0.1408,0.1408,0.1408,0.1408,0.1408,0.1408,0.1408,0.1408,0.1408,0.1408,0.1408,0.1408,0.1408,0.1408,0.1408,0.1408,0.1408,0.1408,2.2037,0.1408,0.1408,0.1408,0.1408,0.1408,0.1408,0.1408,0.1408,0.1408
LPC(18:2),0.5905,0.5905,0.5905,0.5905,0.5905,2.6021,0.5905,0.5905,0.5905,1.41,0.5905,1.0037,0.5905,0.5905,0.5905,0.5905,0.5905,0.5905,1.2206,0.7655,0.5905,0.5905,0.5905,1.0,0.5905,1.6173,0.7533,0.5905,0.5905,0.8111,0.5905,0.5905,1.6755,0.5905,0.8266,0.6374,0.5905,0.5905,0.5905,0.5905,0.5905,0.5905,0.5905,0.5905,2.0043,0.5905,0.5905,0.5905,0.5905,0.5905,0.5905,0.5905,0.5905,0.5905,0.5905,0.5905,0.5905,0.5905,0.5905,0.5905,0.5905,0.5905,0.5905,0.5905,1.1621,0.5905,0.5905,0.9401,0.5905,0.5905,0.5905,0.5905,0.5905,0.5905,0.5905,0.5905,0.5905,0.5905,0.5905,0.5905,0.5905,0.5905,0.5905,0.5905,0.5905,0.5905,0.5905,0.5905,0.812,1.1592,0.5905,0.5905,0.5905,0.5905,0.5905,0.5905,0.5905,0.5905
LPE(15:0),1.536,2.1528,1.1702,2.3867,1.549,2.5468,9.3411,0.2344,0.2656,2.1784,0.9953,5.4125,1.4601,0.9104,2.5618,1.5665,0.7702,1.8846,4.2952,1.3523,3.5779,6.5299,3.2928,10.2333,1.33,1.2251,2.1826,0.1543,0.1068,1.0047,0.0702,0.7849,1.7935,0.8072,1.154,0.3261,4.2743,1.0921,0.1442,0.2187,0.1084,3.3286,1.9909,2.2053,0.8704,0.6166,0.7373,1.3699,0.94,0.8279,2.1347,0.3342,0.1803,0.2578,0.1499,0.1516,0.5447,1.6108,0.0702,0.1233,0.0702,0.3548,0.1908,0.0918,4.8724,1.0254,2.888,2.809,0.3283,1.1215,0.0702,0.6037,0.9924,0.6971,0.3029,1.8034,2.3688,1.0384,0.9121,1.0483,0.2888,2.3465,0.1641,0.6472,0.2996,0.0702,0.9804,0.1378,2.063,1.2005,0.7612,0.1055,0.0702,0.0702,0.1285,0.1728,0.4466,0.2507
LPE(16:0),1.7767,3.43,0.9359,1.9881,2.5143,2.8034,7.0766,0.4628,0.4986,1.4518,1.3661,3.905,2.0611,4.3396,4.5194,2.6487,1.3501,1.9775,3.9727,2.602,2.6957,7.2702,5.1951,12.6156,0.8503,1.5285,2.1649,0.6544,0.144,6.3039,0.149,0.551,1.0514,1.8632,1.9322,0.6046,2.8783,1.5081,0.2027,0.2156,0.2793,3.9645,1.1867,3.3403,1.0,1.3394,0.9611,1.0518,0.4986,0.3745,1.7251,0.4004,0.2438,0.8946,0.2035,0.1518,0.9268,2.9698,0.0713,0.5372,0.1567,0.6365,0.6114,0.6602,7.1838,0.7769,2.243,5.0673,0.8225,1.5148,0.1807,0.3885,1.6964,1.2751,0.1986,1.6299,3.1295,0.9422,0.6909,0.7082,0.3173,1.0062,0.096,0.3925,0.5706,0.1409,1.1736,0.2303,6.5261,3.0796,0.8737,0.1838,0.0928,0.0855,0.2646,0.38,1.4305,0.7888
LPE(16:1),0.2707,0.8359,4.0083,0.2707,0.2707,1.7047,0.973,0.2707,0.2707,0.2707,0.2707,1.6362,0.2707,0.2707,0.709,1.1389,0.5699,1.5332,3.9941,0.8976,1.0863,2.4538,1.5435,4.2525,1.0138,0.2707,0.8381,0.2707,0.2707,2.2564,0.2707,0.2707,0.2707,1.5122,1.8978,0.557,1.0,0.2707,0.2707,0.2707,0.2707,0.2707,0.2707,0.6005,0.2707,0.2707,0.2707,1.0033,1.0143,0.2707,1.4454,0.2707,0.2707,0.5437,0.2707,0.2707,0.805,0.2707,0.2707,0.6569,0.2707,0.2707,0.2707,0.3803,0.9006,0.2707,1.258,0.7435,0.2707,0.4421,0.2707,0.2707,0.2707,0.4202,0.2707,0.2707,0.2707,0.2707,0.2707,0.9486,0.2707,0.9398,0.2707,0.9241,0.5417,0.2707,0.2707,0.2707,2.2483,1.0241,0.4636,0.2707,0.2707,0.2707,0.2707,0.6619,0.2707,0.2707
LPE(17:0),1.3609,1.0944,2.7375,0.9498,1.6432,6.3164,5.6382,0.421,0.5191,1.9086,1.1073,3.2428,1.1392,3.4784,3.5882,1.4842,0.7206,1.5697,2.9187,1.6147,1.9375,4.9338,3.374,13.7759,0.8803,0.804,1.0,0.4137,0.2445,2.2605,0.2445,0.9087,1.2189,1.5032,2.097,0.6274,2.2446,0.5377,0.2445,0.6972,0.3822,2.4822,1.5466,1.2044,0.5161,0.7216,0.9275,0.7983,0.9225,1.0785,3.1942,0.2566,0.2445,0.6913,0.4238,0.2445,0.9525,0.8944,0.2445,0.3252,0.2953,0.6985,0.7021,0.4415,4.7409,2.048,1.224,2.3855,0.3828,0.8301,0.2445,0.6463,0.4175,0.8566,0.4334,2.2541,1.6565,1.2813,0.8604,0.9099,0.487,2.1807,0.2445,1.4506,0.3442,0.2445,0.4281,0.2445,4.8508,3.7887,0.5177,0.3733,0.2445,0.2445,0.6128,0.4674,0.5631,0.3696
LPE(18:0),0.7663,1.3298,2.6222,0.5868,0.639,5.1387,1.7316,0.8317,0.9405,0.8353,1.0081,0.6121,0.567,1.6377,3.5179,1.5143,0.5321,1.6451,4.7764,2.7246,2.2472,1.8684,1.4616,23.839,2.2373,1.0,1.3441,1.6035,0.275,18.4445,0.8453,0.9484,1.1933,2.6279,3.1149,1.3655,0.3918,0.3714,0.6284,0.7084,0.8748,0.4819,0.9053,3.2226,0.6907,1.261,0.8132,1.3725,0.929,0.8172,1.4639,0.3521,0.3339,0.853,0.3286,0.2616,1.0558,1.0761,0.2678,3.0772,0.533,1.413,1.8001,2.0357,1.3173,2.1942,1.5964,8.1279,1.2541,2.3212,0.3149,0.4935,0.7771,0.9219,0.948,1.9999,1.0087,0.8252,0.3544,0.3479,0.5494,2.1193,0.2802,0.731,2.065,1.2617,0.3301,0.4536,5.1143,2.8261,2.357,0.2515,0.233,0.4177,1.828,1.1168,0.6125,0.4977
LPE(18:1),0.6981,1.8048,3.2095,0.8977,0.6713,3.3022,2.8113,1.0907,0.2928,1.4992,0.6981,1.0426,0.638,0.85,1.4725,1.8462,0.9247,3.3292,3.9989,5.4127,1.4899,2.8707,2.1977,9.1863,2.0789,2.0776,1.6946,1.1774,0.4252,3.5238,0.4003,0.7884,1.5891,3.6824,2.4436,1.2891,0.6094,0.6886,0.6531,0.7658,0.4341,1.5916,1.2269,1.9724,1.0548,0.8148,0.428,1.4609,0.7437,0.3304,2.2759,0.5736,0.5654,1.1122,0.4714,0.348,1.3384,0.894,0.3036,1.0251,0.4197,1.028,0.5459,0.358,1.9408,1.7333,1.5348,2.1481,0.6377,0.9712,0.3501,0.5922,1.5484,1.0215,0.8462,1.0,0.9477,0.8402,0.6102,0.6804,0.2911,1.4583,0.6367,1.1404,0.7138,0.4568,1.2098,0.6759,5.4201,1.3908,1.4381,0.5204,0.245,0.243,0.616,0.6478,0.6312,0.4098
LPE(20:1),0.3883,0.9965,0.3883,0.3883,0.3883,0.3883,0.3883,0.3883,0.3883,0.3883,0.3883,0.3883,0.3883,0.4778,0.8775,0.3883,0.3883,0.3883,1.7232,2.8016,1.0035,1.2288,0.3883,1.4522,0.3883,0.3883,0.3883,1.5023,0.3883,2.3552,0.3883,0.3883,0.3883,0.6406,1.4047,1.0462,0.3883,0.3883,0.3883,0.3883,0.3883,0.3883,0.3883,0.9375,0.3883,0.3883,0.3883,0.3883,0.3883,0.3883,0.3883,0.3883,0.3883,0.5107,0.3883,0.3883,0.3883,0.3883,0.3883,0.3883,0.3883,0.3883,0.3883,0.5101,0.3883,0.3883,0.3883,2.6065,0.3883,0.3883,0.3883,0.3883,0.3883,0.3883,0.3883,0.3883,0.3883,0.3883,0.3883,0.3883,0.3883,0.3883,0.3883,0.3883,0.914,0.3883,0.3883,0.3883,3.5216,1.5192,0.6287,0.3883,0.3883,0.3883,0.3883,0.3883,0.4604,0.3883
MAG(15:0),1.36,1.1475,1.3312,1.48,0.9569,1.2881,1.7002,0.8349,0.9137,1.6309,1.1001,1.48,1.2785,1.1292,2.4811,1.171,0.7227,1.5338,2.2364,1.1002,1.9548,2.3292,7.9855,3.0438,0.481,1.1224,1.1596,0.6763,0.5373,1.3896,0.9864,0.9986,1.0014,1.024,1.2197,0.7873,1.1158,1.0466,0.6116,0.8452,0.6705,1.5536,1.1904,1.4105,1.099,1.1494,0.6586,1.084,0.8722,1.2228,0.9633,0.5018,0.5841,0.7543,0.7406,0.6199,0.734,1.2087,0.5669,0.6875,0.5849,0.9432,1.0655,0.8162,1.7073,1.0137,1.0528,1.2086,0.8894,1.4122,0.8661,0.9853,1.2143,1.0562,0.6853,0.8329,1.2258,1.0541,0.8569,0.8923,0.8959,0.7546,0.6972,0.9426,0.8125,0.6364,0.481,0.5495,1.0909,1.1362,0.7904,0.5882,0.8158,0.6953,0.7593,0.6224,0.6381,1.3023
MAG(16:0),0.897,1.1202,0.6248,0.8463,1.6801,0.7888,1.1003,1.4136,1.0839,0.5853,1.2633,1.9498,1.3696,1.6929,2.2769,1.037,1.0874,1.4261,2.877,0.9435,1.4853,1.7961,2.0986,3.1058,0.36,1.3371,0.8256,1.1733,1.2401,2.7015,1.1744,0.6986,0.5959,1.266,1.2371,1.2281,0.7321,1.2063,1.2786,0.9593,0.81,0.9821,1.1648,2.1004,1.0274,1.3754,0.7086,0.7773,0.9441,0.7015,0.8004,0.36,0.8429,1.1824,1.106,0.7643,1.4872,1.3389,0.8446,1.5243,0.7464,1.0804,1.2303,0.852,1.6867,0.8197,0.8055,1.6326,0.7511,1.5448,0.461,0.7244,1.1507,1.1037,0.8839,0.5359,0.9681,0.7655,0.853,0.6172,0.8697,0.6365,0.5849,0.8764,1.6405,1.204,0.7897,0.9083,1.3671,1.2393,1.2275,0.7128,1.0324,0.7116,1.1083,1.3171,0.7996,0.8988
MAG(16:1),1.3712,1.0178,1.4904,1.0399,0.6549,1.0608,1.4678,0.7053,1.3663,1.0724,1.0888,1.3792,0.941,1.3995,1.1473,1.3225,0.7438,1.6901,1.8958,1.6319,1.9061,1.8842,4.0876,3.5058,0.4718,1.2406,1.5246,0.8978,0.5005,2.7664,0.995,1.2646,0.9281,2.2042,1.5769,0.9592,0.6528,0.8689,0.5625,0.8346,1.118,1.5042,1.2364,0.754,1.2312,1.5677,0.5084,0.9781,0.987,0.7026,1.2393,0.6534,0.5667,0.6535,0.6907,0.5886,0.9476,0.7428,0.5585,1.061,0.6439,0.829,1.8926,1.5718,1.0445,0.8458,1.1171,1.5533,1.1868,0.8454,0.5876,1.0593,1.4532,1.0968,0.5868,0.6457,1.2589,1.1506,0.6675,0.6817,0.9158,0.5228,0.6377,0.8092,1.0487,0.6088,0.4718,0.7907,1.2764,1.1302,0.7921,0.6906,0.6893,0.6917,0.6304,0.6477,0.6265,1.2693
MAG(17:0),1.2975,1.1569,0.8673,0.6785,1.5371,0.9384,0.9961,1.506,1.0137,0.6439,1.2541,0.868,1.5728,1.3674,1.9142,1.2719,1.1818,1.0255,1.6873,0.9679,1.3043,1.2425,1.61,2.2278,0.2951,1.0652,0.8815,1.2758,1.1942,2.1504,1.1817,0.5783,0.5728,1.3982,1.2516,0.4337,0.4511,1.1399,1.3728,1.0512,0.8282,0.6458,1.0454,1.6369,0.5664,1.0327,0.5534,0.6353,1.0273,0.4595,0.8388,0.3541,1.042,1.1441,1.2478,0.7546,1.3503,1.212,0.8378,1.2208,0.7978,1.273,1.4282,0.8939,0.856,0.5786,0.9659,1.1816,1.0386,1.2993,0.2951,0.425,0.8711,1.0961,0.4866,0.4567,0.6979,0.7543,0.8706,0.6649,0.5067,0.3808,0.5486,0.9465,1.3081,1.3155,0.7768,0.946,1.1596,1.5732,1.3814,0.8354,1.0039,0.7164,1.0671,1.4648,0.8022,0.8803
MAG(18:0),0.9726,1.1699,0.7904,0.8162,1.666,0.7656,1.0632,1.6953,0.9875,0.4498,1.3657,1.4107,1.4423,1.5565,1.415,1.1707,1.3575,1.0875,1.8514,1.1791,1.4099,1.3404,1.7173,2.0032,0.3774,1.4607,0.8694,1.5108,1.5581,2.1572,1.3482,0.5832,0.4844,1.2381,0.9693,0.9699,0.6707,1.2056,1.7142,0.9934,0.8635,0.7876,1.0327,1.7417,0.7224,1.0066,0.7141,0.7795,1.1447,0.6318,0.8362,0.3774,1.2523,1.2989,1.2588,0.8111,1.6844,1.4475,0.9796,1.213,0.8522,1.1494,1.4128,0.7762,0.8981,0.5619,0.9281,1.1977,0.8648,1.5616,0.4369,0.5705,0.8857,1.2196,0.7445,0.4336,0.6658,0.7435,1.0177,0.8285,0.8029,0.5952,0.6319,0.9034,1.1209,1.5505,0.9389,1.069,1.2217,1.1754,1.5776,0.8797,1.1817,0.8253,1.3307,1.6767,0.8339,0.8168
MAG(18:3),1.8066,0.8221,1.6714,0.7306,2.133,1.2919,0.9719,1.2504,1.6579,2.0664,1.2934,1.7993,1.5002,1.9187,0.7996,0.7746,0.3345,0.9581,5.2039,1.168,0.9182,14.152,8.41,3.7518,0.2665,1.1569,1.3275,1.4095,0.3713,2.1363,0.2665,2.324,1.2396,1.0893,1.7667,1.7752,0.5413,1.2289,0.8577,1.8454,1.1614,0.9059,3.878,1.3727,1.2426,1.7844,0.3608,0.6376,0.6949,0.5693,0.8619,0.7968,0.7255,2.5566,0.6174,0.4626,0.7801,0.5466,0.5282,3.2237,1.7174,0.8482,1.5277,2.5068,1.7978,1.5487,1.0584,2.8702,1.4989,0.3976,0.6784,1.1704,4.2333,1.1461,0.4686,0.5537,1.4676,1.3808,0.802,0.6422,0.5748,0.3868,0.8637,1.0171,0.6072,0.7803,0.3602,0.71,10.9473,0.7046,0.4467,1.4073,0.4956,0.6476,0.6529,0.618,1.3067,0.7907
MAG(20:0),1.2514,1.1593,1.4882,0.9944,1.1998,0.9487,1.4693,1.3776,2.5367,0.8861,1.3612,4.0358,0.9406,1.817,1.8841,1.6742,0.9341,2.0734,2.314,1.3672,1.3743,1.5149,1.7682,1.5732,0.4493,2.114,0.922,1.8197,0.8969,1.5178,0.7864,1.252,0.6276,1.1105,1.0875,0.7726,0.6355,1.1982,0.9004,0.9977,0.7375,0.848,1.3848,2.3658,0.8367,1.3099,0.4768,1.0614,0.9985,0.5057,0.7485,0.4948,1.0607,0.996,0.9419,0.6397,2.0083,1.3057,0.7784,2.1619,0.8159,0.8545,1.6985,1.4746,1.6436,0.6277,1.247,1.1393,1.4625,1.4414,0.4493,0.6337,1.2123,1.3146,0.5288,0.6488,0.7843,0.912,0.9268,0.6098,0.724,0.457,0.7289,0.7998,1.3432,0.9896,0.6274,0.963,0.9778,1.2218,1.4717,0.8828,0.8982,0.9512,1.5432,1.3961,0.9233,1.0015
MAG(20:1),1.2179,1.0298,2.5567,1.2866,1.0493,1.3118,2.5034,0.9199,2.2768,0.9247,0.7148,6.7266,1.1874,1.5284,1.3385,0.8005,0.42,1.7561,2.965,2.0579,1.2401,3.178,3.5924,1.9834,0.3242,2.0798,1.2654,3.4821,0.3655,1.6013,0.3811,1.209,0.611,1.067,1.6146,0.8461,0.5488,1.4407,0.492,1.2541,0.5937,0.8108,0.9553,1.7737,1.6591,1.2789,0.3242,1.192,1.0734,0.5342,0.7676,0.5962,0.6058,1.3895,0.68,0.4553,3.6724,0.8463,0.6486,0.9235,0.8414,0.7536,1.0747,0.8669,2.3483,0.8214,1.0569,1.2362,1.9296,0.8926,0.5077,1.1623,2.0376,1.478,0.4141,1.1273,2.0901,0.8788,0.6605,0.4342,0.7522,0.443,0.8172,0.998,1.1834,0.6737,0.392,0.7908,1.2076,1.2236,1.2812,1.002,0.6018,0.9827,2.2317,0.9731,0.7538,0.8428
MAG(20:2),1.4953,1.1975,1.8053,1.7449,1.0119,1.1984,1.8692,1.0136,1.6816,1.3957,0.8918,1.5401,1.1349,1.095,1.3813,1.1821,0.8476,1.2373,2.4422,1.0079,1.22,2.2562,2.7412,2.3661,0.4658,1.3092,0.9804,1.919,0.4876,2.1856,0.615,1.2591,0.8962,1.1013,1.1839,0.5237,0.6604,1.204,0.7692,1.362,0.6085,0.7558,1.4237,1.6447,0.8561,1.4641,0.5483,1.1277,0.9691,0.4658,0.8637,0.9554,0.6413,0.8502,0.7331,0.7772,0.9367,1.0139,0.5032,1.2612,0.954,1.1858,1.671,1.3449,1.3474,0.8618,1.2763,1.1732,1.3731,0.8859,0.881,1.0091,1.5422,1.2186,0.595,0.6216,1.3921,1.6249,0.8897,0.6753,0.6196,0.7131,0.7107,0.8655,1.4671,0.7348,0.5613,0.7966,1.1095,1.0721,0.8574,0.7854,0.7334,0.9764,0.903,0.8695,0.7385,0.9921
MAG(20:3),2.2423,1.4072,1.8762,0.3842,0.6718,0.7525,1.6415,0.9117,1.3679,2.0574,0.8891,0.8668,1.2723,1.0017,1.4937,1.3685,0.8597,1.4282,2.9108,0.7061,1.672,2.2033,1.6752,2.75,0.3842,1.0712,1.0,1.6436,0.4024,2.0847,0.5894,1.5623,1.3779,0.9572,1.2194,0.5262,0.8997,1.379,0.6192,1.1446,0.6914,0.7175,1.7718,1.5248,1.1572,1.1325,0.3842,1.2707,1.0402,0.5671,0.8137,0.9188,0.4315,0.6705,0.6783,0.6738,0.5509,1.0343,0.5495,1.4761,0.9698,0.9653,2.332,1.0806,1.0225,0.9948,1.3945,0.9783,1.1308,1.0866,1.272,1.7765,1.3317,0.9094,0.6368,0.5673,1.0951,1.3305,1.0657,0.8689,0.5961,0.6398,0.6768,0.8851,1.4104,0.6444,0.4635,0.6814,1.9695,1.0809,0.6594,0.7163,0.638,0.7492,0.8152,0.6923,0.6574,0.9331
MAG(20:5),1.7778,1.4371,1.5348,0.4858,1.1161,1.0567,1.4915,1.2655,1.0994,1.508,0.7413,0.7158,1.1243,1.0696,1.2416,1.5197,1.1405,1.5277,1.3242,0.7653,0.9344,1.368,2.361,1.0669,0.4858,0.9808,0.8415,1.4896,0.8656,1.2683,0.9806,0.9251,0.726,0.8313,1.3069,0.6817,0.4858,1.4039,0.936,1.2474,0.8975,0.6254,1.0601,0.934,0.7053,1.2022,0.553,0.6985,1.0791,0.6318,0.8877,0.9684,0.7027,1.027,1.2103,1.0315,1.1174,1.0361,0.9032,1.0162,1.0543,1.3024,1.2557,1.0206,0.7665,0.7026,1.1915,0.8689,1.2421,1.9787,0.5775,0.5691,0.9928,1.1729,0.5012,0.5246,0.7452,1.0709,0.8511,0.8508,0.75,0.5753,0.5847,1.1792,2.3627,1.0,0.9002,1.1315,0.9477,1.1582,1.4721,0.995,0.9282,1.0248,1.089,1.1023,0.6933,1.117
MAG(22:1),1.5968,1.2249,1.2453,2.316,1.3172,0.9031,1.1469,1.2044,1.6277,1.2518,0.6861,1.4888,4.284,1.8659,1.7724,1.092,0.6052,1.4321,1.6768,1.9942,1.1619,1.1086,3.2954,0.9577,0.3506,0.9101,1.8095,10.6353,0.4808,1.2737,0.42,0.9935,0.7148,0.734,1.4635,0.9257,1.131,2.0905,0.6518,3.8456,0.6639,1.3757,1.2685,3.5808,0.7869,1.2942,0.3506,3.6529,0.8493,1.0,0.6443,0.9101,0.5935,0.8664,0.6078,0.6361,2.0513,1.0583,0.5985,1.1304,1.4503,0.8803,1.1707,1.0,3.6145,0.8121,1.3392,0.899,1.3619,0.7015,0.6073,0.7677,1.4357,1.6488,0.4739,0.6651,1.134,1.0715,0.8087,0.6938,0.509,0.6484,0.8808,0.6973,1.4778,0.7072,0.4493,0.725,1.2015,1.0684,1.5627,1.115,0.8595,0.7804,1.0373,0.8682,0.7197,0.9508
MAG(22:5),1.0914,1.1408,0.7436,0.7849,1.41,1.2153,0.7905,1.6426,2.0399,0.7986,0.8413,0.7303,1.4047,0.9346,1.1604,1.4856,1.1364,1.4686,1.9154,1.6152,2.243,1.4496,1.8199,1.761,0.4089,1.4684,0.7518,1.1766,1.0099,1.4483,1.1469,0.8857,0.56,1.0925,1.3747,0.9189,0.6326,1.4323,1.3294,1.0723,0.8802,0.8094,0.9927,1.2732,0.5062,1.681,0.5688,0.7517,0.8144,0.643,0.8089,0.677,0.9208,1.2235,1.1854,0.9861,1.1356,1.7037,1.1493,1.3117,0.9961,1.3361,1.3205,0.7726,1.0211,0.7233,1.7675,0.9865,1.0564,1.2171,0.5927,0.7022,1.1171,1.1757,0.5647,0.4162,0.6984,0.8845,0.8789,0.7312,0.6712,0.5811,0.4089,0.6919,1.5603,1.2556,0.9474,1.1836,0.9286,1.2645,1.1449,0.7681,1.2866,0.8964,1.8652,1.4095,0.8516,0.8237
MAG(24:0),1.4703,1.631,1.2173,1.5617,0.9709,1.1356,2.739,1.433,2.3365,1.0742,1.1952,2.0309,0.8824,1.519,3.6703,1.3006,0.745,2.1171,1.8561,1.8962,1.2119,1.9722,3.5063,0.9427,0.3778,1.4368,2.1595,1.1636,0.5319,0.5293,0.3814,1.2329,1.2776,0.9111,1.4353,0.8138,0.6065,0.7838,0.4929,1.5197,0.7917,0.7053,0.7366,1.7364,0.8693,1.0029,0.4254,1.6883,0.8156,0.728,0.7494,0.719,1.0656,0.614,0.7591,0.6162,1.8757,1.0539,0.3778,1.1044,1.0991,1.2545,2.6021,2.3098,1.657,0.8635,1.4855,0.8598,1.5823,0.6136,0.8431,1.1777,1.0792,1.239,0.5283,0.8248,0.9971,0.8602,0.862,0.7144,0.9679,0.853,0.8623,1.0646,0.9668,0.7503,0.6167,0.8361,0.7332,0.937,1.6379,1.6905,0.9713,1.2518,1.3443,1.0978,0.933,1.7591
PC(16:0/16:0),0.381,2.4288,0.381,0.381,0.381,1.3002,0.381,0.381,0.381,0.381,0.381,0.381,0.381,4.6423,3.2123,0.381,1.0,0.381,2.1429,0.9389,0.7973,0.381,0.381,3.8644,0.381,0.381,0.381,0.381,0.381,1.446,0.486,0.381,0.381,0.4651,0.8693,0.381,0.381,0.381,0.381,0.381,0.381,0.381,0.381,3.8398,0.6579,0.381,0.381,0.381,0.8377,0.381,0.381,0.381,0.381,0.381,0.381,0.381,0.381,0.381,0.381,0.381,0.381,0.381,0.381,0.381,0.381,0.381,0.381,0.381,0.381,1.126,0.381,0.381,0.7575,0.381,0.381,0.381,0.381,0.381,0.381,0.381,0.381,0.381,0.381,0.381,1.0778,0.381,0.381,0.381,0.9655,0.381,0.5368,0.381,0.381,0.381,0.381,0.381,0.381,0.6857
PE(16:0/15:0),0.3085,9.7871,1.0378,8.0236,1.1791,2.3683,10.0254,0.5694,0.439,16.1,1.3965,10.2904,0.6932,1.2424,0.445,6.0966,7.9815,0.5374,1.1598,2.5722,1.7697,1.1962,0.3017,1.0,8.763,0.7129,1.1015,0.3155,0.2036,0.4175,0.2372,3.6232,5.38,0.4451,0.3844,1.3433,4.5656,0.4666,0.3632,0.7997,0.2817,0.4518,2.1038,0.7055,3.7595,0.3151,4.4518,0.6511,4.2452,1.4237,2.5527,2.3495,0.2084,0.7458,0.2644,0.2024,0.6528,0.3382,0.1576,0.2395,0.4206,0.6115,0.5789,0.1684,1.3398,1.4035,7.6127,0.6227,0.3277,0.4174,1.5196,3.3505,0.308,0.2955,1.2664,5.9534,0.2355,0.2324,4.7167,10.895,1.3613,4.9938,0.1793,2.2495,0.3787,0.2895,3.476,0.1816,1.3463,2.0645,0.4965,0.2223,0.2849,0.1576,0.2065,0.5151,0.2547,0.25
PE(16:0/16:1),0.3942,4.2044,0.3942,1.1002,0.3942,0.3942,0.4388,0.3942,0.3942,1.8746,0.3942,1.4165,0.3942,0.3942,0.3942,1.9475,1.4887,0.3942,0.3942,0.5871,0.4193,0.3942,0.3942,0.4298,1.2172,0.3942,0.6065,0.3942,0.3942,0.3942,0.3942,0.9796,1.2626,0.3942,0.3942,0.3942,0.3942,0.3942,0.3942,0.3942,0.3942,0.3942,0.3942,0.3942,0.4481,0.3942,0.3942,0.3942,1.0,0.3942,0.6201,0.3942,0.3942,0.3942,0.3942,0.3942,0.3942,0.3942,0.3942,0.3942,0.3942,0.3942,0.3942,0.3942,0.3942,0.3942,1.2151,0.3942,0.3942,0.3942,0.3942,0.8651,0.3988,0.3942,0.3942,0.3942,0.3942,0.3942,1.0315,2.5401,0.3942,0.3942,0.3942,0.5568,0.3942,0.3942,0.3942,0.3942,0.3942,0.3942,0.3942,0.3942,0.3942,0.3942,0.3942,0.3942,0.3942,0.3942
PE(O-16:0/16:0),0.7861,6.9189,1.4484,3.8281,1.3473,2.2998,4.6908,1.0188,0.8771,8.5634,1.2712,5.1043,0.8244,0.7174,0.4542,3.4716,4.2542,0.8441,1.0671,1.3835,1.0598,3.2313,1.4452,1.3453,5.1733,0.6235,0.7842,0.6559,0.7654,0.4126,0.3084,2.5181,4.8345,0.34,0.4034,1.501,1.9912,0.4803,0.5468,1.7973,0.4584,0.6289,3.0108,0.8271,2.3532,1.7021,2.6462,0.63,2.7896,1.0,2.3887,1.8959,0.251,1.1489,0.6337,0.7353,0.7054,0.4167,0.2133,0.6595,0.8479,1.2718,0.9604,0.5634,1.7226,0.997,5.3073,0.4717,0.6089,0.3543,1.5646,3.097,0.5335,0.4394,1.2394,3.9719,0.4415,0.4534,3.033,6.9563,0.9051,2.8742,0.377,1.6704,0.4312,0.4114,2.1514,0.3818,0.7079,1.7288,0.4787,0.4782,0.669,0.3391,0.2698,0.8301,0.6765,0.3585
PE(P-16:0/16:1),0.4675,0.9134,0.4675,0.4675,0.4675,0.4675,0.4675,0.4675,0.4675,0.4675,0.4675,0.4675,0.4675,0.4675,0.4675,0.5489,0.4675,0.4675,0.4675,0.4675,0.4675,0.4675,0.4675,0.4675,1.0673,0.4675,0.4675,0.4675,0.4675,0.4675,0.4675,0.4675,0.4675,0.4675,0.4675,0.4675,0.4675,0.4675,0.4675,0.4675,0.4675,0.4675,0.4675,0.4675,1.0,0.4675,0.7438,0.4675,0.886,0.4937,0.6615,0.4675,0.4675,0.4675,0.4675,0.4675,0.6411,0.5338,0.4675,0.4675,0.4675,0.4675,0.4675,0.4675,0.4675,0.4675,1.4064,0.4675,0.4675,0.4675,1.5103,2.6284,0.4675,0.4675,0.4675,0.7007,0.4675,0.4675,1.0983,1.6608,0.4675,1.0727,0.4675,1.4215,0.4675,0.4675,0.4675,0.4675,0.4675,0.703,0.4675,0.4675,0.4675,0.4675,0.4675,0.4675,0.4675,0.4675
PE(P-18:1/16:0),1.2641,5.4535,2.1721,0.3429,0.832,1.6551,0.99,1.3318,1.313,3.0154,2.4398,0.3429,0.7791,0.5237,1.3041,2.1302,2.4436,1.6659,1.6149,1.5649,0.8848,1.8176,1.6509,0.9573,3.1116,0.9316,0.8236,0.9687,0.4544,1.023,0.7307,2.9903,2.2557,2.1439,0.5415,0.4556,0.6891,0.6284,0.7255,1.1393,0.9401,0.6309,1.7177,1.5002,2.4035,1.586,0.5862,0.9345,1.2844,0.3636,1.5685,2.541,0.3429,0.7474,0.4943,0.767,0.8728,1.01,0.5985,0.77,0.3429,0.67,1.261,0.7596,0.3429,0.632,1.9493,0.503,0.924,0.8287,2.3466,2.3243,0.6456,1.0149,1.0958,1.1749,0.3429,0.7327,1.2915,1.427,0.6136,0.6307,0.6904,1.986,2.0858,2.4803,2.2777,0.6091,0.5749,1.2946,0.8775,0.5254,0.7175,0.4817,1.0287,0.8545,0.6873,0.5587
SM(18:0),0.8156,12.2417,2.6663,7.5835,1.0126,11.4262,5.1649,0.5397,0.7354,0.6465,0.2528,1.9176,0.4993,2.4099,7.9083,15.8223,1.8175,1.8821,1.3612,1.3462,5.2946,4.7643,4.0272,30.553,14.9466,4.1887,3.1315,2.056,0.2672,10.6956,0.6973,1.0361,0.4377,1.1359,1.0,0.2085,4.0125,0.4835,0.9044,0.341,0.5732,1.4334,0.8413,2.0659,0.8172,1.6147,0.3308,5.3844,0.7266,0.4553,1.1045,0.2496,0.3344,0.9984,0.324,0.158,0.3102,2.7387,1.4482,0.8808,0.283,0.3791,0.7184,1.3999,4.8881,0.5958,0.7162,1.3838,6.2916,1.9042,0.3462,0.186,2.845,2.271,0.3112,0.7419,2.3115,11.3037,0.3013,0.1705,0.5364,0.6702,0.2915,0.2461,6.5649,2.7547,0.2645,0.3226,2.0945,0.9745,7.6323,1.2198,0.2827,0.4361,0.6839,0.3106,0.6368,2.4367
SM(18:1),0.3548,4.0437,1.4215,0.3548,0.8451,3.146,0.9574,0.3548,0.3548,0.3548,0.6122,0.3548,0.3548,2.0529,2.5094,2.4683,0.3548,0.3548,1.2512,0.7329,2.4435,2.1183,0.3548,7.2093,3.714,0.3548,1.3935,1.8561,0.3548,3.9903,0.7797,1.2972,0.3548,0.6711,0.4464,0.5102,0.3548,0.3548,2.1994,0.3548,0.3548,0.3548,0.3548,1.7616,0.3548,0.3548,0.4887,1.3676,0.4971,0.8182,1.0,0.3548,0.3548,1.8265,0.3548,0.3548,0.3548,0.3548,0.8527,0.3548,0.3548,0.3548,0.3548,1.3925,2.0039,0.6643,0.8747,0.629,0.3548,0.3548,0.3548,0.3548,2.145,0.3548,0.6256,0.6839,0.6981,0.9299,0.5829,0.3548,0.6797,0.3548,0.3548,0.6609,1.7865,0.3548,0.3548,0.3548,1.3022,0.3548,2.1499,0.3548,0.3548,0.3548,0.3548,0.3548,0.3548,0.3548
SM(22:1),2.2266,5.3885,1.2201,0.5415,0.9105,2.5227,1.4281,0.9361,1.1487,1.2672,0.8281,0.5415,1.0227,1.5191,2.2806,2.2386,1.0592,0.7461,1.1682,0.9137,1.5236,1.3109,1.8438,5.1078,2.467,1.2325,1.9608,0.977,0.6837,2.5528,0.8883,1.1357,0.8037,0.9915,0.8213,0.7214,0.5415,0.911,1.3306,0.9835,1.0401,0.8153,1.8478,1.6975,0.7815,1.4388,0.6917,1.189,1.066,0.6807,1.6964,0.7297,0.5415,1.3085,0.9892,0.8351,1.5038,0.6851,0.8956,1.0507,0.5415,0.9383,1.8971,0.82,1.6273,1.4109,1.1158,0.6112,1.1084,0.8222,1.4858,1.0085,1.5368,1.0557,0.7353,0.6209,0.9891,1.286,0.7683,0.7453,0.6368,0.7168,0.6865,0.7563,1.5007,0.8038,0.8359,0.6214,1.4992,0.8724,2.056,0.9011,0.8436,0.8964,0.8775,0.7966,0.9041,1.0786
SM(24:0),0.8952,2.0855,1.2013,1.3336,0.9213,1.5554,1.5108,0.7588,1.121,1.2479,1.503,0.8874,0.7008,1.3018,1.4984,1.3421,0.8604,1.3054,1.5565,1.024,1.3399,1.3782,1.6674,2.3357,1.458,1.0873,1.8137,0.7363,0.5736,1.223,0.6462,1.128,1.1288,1.2408,1.2411,0.874,0.8592,0.5718,0.6406,0.9338,0.5979,1.3252,1.4471,1.2783,0.9631,1.0665,0.9103,1.6572,1.1538,0.8783,0.9557,0.6633,0.7475,0.679,0.6171,0.6893,0.778,0.9173,0.5535,0.7072,0.8956,1.2153,0.7312,0.7702,1.5492,0.9883,1.1978,1.2679,1.0114,1.0066,1.4601,1.1193,1.0001,1.0892,1.0,0.9825,1.793,1.6114,1.1348,1.0324,0.7704,0.9169,1.0076,0.9086,0.9974,0.7119,0.5885,0.6781,0.9298,1.0243,1.1624,0.6549,0.6755,0.7059,0.7838,0.6148,0.8285,0.9693
TAG44:2-FA16:1,1.4134,0.7259,1.5296,2.2527,0.4914,1.3828,1.5868,0.5847,4.1318,1.0519,0.9033,3.0085,1.0218,0.9109,0.2192,0.8739,0.9339,19.0435,1.6521,4.3581,0.7257,0.5723,0.8754,1.7261,0.2192,5.1139,1.9322,5.4459,0.5249,0.2567,0.3096,3.077,1.428,3.1483,1.4368,2.8881,1.2225,0.857,0.326,0.9664,0.2932,0.6772,1.5349,0.4578,5.2816,1.4634,1.2566,1.3086,2.4903,1.362,1.0258,0.4228,0.8345,0.8438,1.1097,0.5871,3.9037,0.4872,0.6513,3.0612,0.4903,0.9075,1.2129,0.4274,1.6224,0.8861,0.821,12.8163,0.9782,0.3353,0.7452,2.7851,0.6575,0.9614,0.4513,0.7317,2.2706,0.6101,1.1317,0.9102,3.1376,0.4919,1.7843,0.8099,0.3663,0.5514,0.7027,0.6376,0.3364,0.7025,0.5357,0.6673,0.7271,0.6883,0.9609,1.249,0.5266,0.6489
TAG45:1-FA15:0,1.2276,0.8276,0.92,2.4772,0.4435,1.4985,0.904,0.9632,1.8936,1.0539,1.3207,2.3658,0.8114,0.5956,0.2241,0.9371,0.4835,9.5963,1.5347,3.2526,0.9238,0.9907,1.2255,1.4256,0.2241,2.6835,1.3489,1.1941,0.4435,0.4761,0.6309,1.8758,1.3245,2.5924,1.2985,2.4653,1.0717,0.7355,0.3463,1.15,0.5724,0.6241,1.4386,0.2718,2.7061,0.5598,0.6869,1.0093,1.8841,1.107,1.3475,0.4622,0.4061,1.7725,0.4298,0.6755,4.9373,0.5279,0.3467,0.7533,1.2127,1.1776,1.0503,0.3953,1.4011,0.6061,0.7952,4.551,0.9014,0.286,0.6838,1.7694,0.4696,0.6727,0.4563,1.1081,1.3479,0.6183,0.947,0.9074,1.7923,0.3809,1.6463,1.3084,0.2599,0.7987,1.0246,0.4504,0.5449,0.9715,0.54,0.3821,0.7571,0.6986,1.2568,0.9859,0.4518,0.4052
TAG46:1-FA14:1,1.0306,0.8776,1.5579,2.848,0.6364,1.6657,1.1937,1.0708,1.1433,1.2371,0.852,2.9659,0.7166,0.6105,0.383,0.9279,0.8409,16.9518,1.0413,1.5466,0.8538,2.2197,1.1227,1.8215,0.2374,3.977,1.1001,1.0381,0.3872,0.6145,0.4063,1.7049,1.6969,1.2832,0.7374,1.3734,2.4257,0.5435,0.8201,1.4622,0.6009,0.5671,1.7768,0.3399,1.2892,1.4646,0.5689,0.7636,1.2855,2.0782,1.0498,0.4699,0.7698,0.771,0.8231,0.7376,0.9794,0.4678,0.553,0.9711,1.1111,1.7117,1.2801,0.7831,1.2673,0.5862,1.3998,2.0135,1.5815,0.2374,0.5114,1.1156,1.0899,0.9246,0.6316,0.8155,1.0181,0.41,0.9464,0.8565,1.1517,0.5985,1.1146,1.1648,0.3814,0.8491,0.9819,1.0308,0.3225,0.9792,0.7212,0.4625,0.5553,0.5821,1.1035,0.7857,0.4732,0.5103
TAG46:3-FA16:1,1.4975,0.9836,0.7915,2.6233,0.4017,1.363,1.6804,0.8972,6.8068,1.1534,0.8163,2.6465,0.9619,0.9539,0.4483,1.2431,0.7455,4.1802,1.769,2.0846,0.5384,0.9033,1.3703,1.4184,0.3101,4.1382,1.5039,2.8957,0.5372,0.4486,0.3101,2.1728,1.1212,2.1655,1.0412,2.0665,1.8434,0.9376,0.569,1.1531,0.3977,0.8295,1.9289,0.5482,2.5975,1.6081,0.8745,1.3985,1.6559,1.4359,0.6977,0.4029,0.5197,1.6243,1.2284,0.827,4.0276,0.6076,0.5699,1.1074,0.9425,1.4555,1.324,0.4507,1.5876,0.8623,0.8034,5.7383,1.07,0.349,0.7532,1.8643,0.6891,1.0259,0.5583,0.9306,1.5909,1.0345,1.0164,0.8362,2.6279,0.4697,1.2211,0.6514,0.3407,0.6655,0.3515,0.5883,0.835,0.8381,0.3931,0.7535,0.8062,0.7602,0.7863,0.9735,0.5718,0.8181
TAG48:1-FA14:1,0.99,0.9645,1.9808,2.4967,0.7165,2.9691,1.9828,1.4666,1.39,1.4601,0.5676,2.1842,1.0182,0.8363,0.3986,1.0047,0.986,16.769,1.0414,1.2095,0.4729,1.3536,1.3547,2.8967,0.2777,12.0574,0.7156,1.0261,0.4535,0.63,0.2777,1.5968,1.1821,1.294,0.6591,1.1575,1.2304,0.686,0.7654,1.5273,0.7956,0.5063,1.9782,0.363,1.505,1.5217,0.5879,0.9069,1.1841,1.0555,0.9032,0.4981,1.1502,0.884,0.8744,0.7716,1.3115,0.6026,0.8524,0.9453,1.0264,2.6114,0.8626,0.658,1.0386,0.5566,0.9953,1.9599,2.3729,0.3252,0.5868,1.0428,0.788,0.9459,0.6911,0.8349,1.2089,0.584,0.8049,0.7529,1.1657,0.4252,1.0761,0.8589,0.5942,0.9521,0.5131,1.4361,0.282,1.025,0.9007,0.4049,0.6702,0.9606,1.3807,0.8617,0.6718,0.6312
TAG49:1-FA14:0,0.6976,2.0667,1.2573,42.5722,0.7149,2.7254,1.0662,0.7509,0.901,0.6933,1.2815,16.36,1.0305,0.891,0.9866,1.4,0.5261,15.9258,1.9752,2.6314,0.8346,1.2858,1.0441,2.4357,0.3281,3.6712,1.0446,1.1235,0.4023,0.5941,0.3281,1.9267,1.0578,1.7481,1.3074,1.5752,11.3238,3.9645,0.3841,1.1549,0.3661,0.6958,1.3759,0.62,1.9534,1.4403,0.7383,1.1868,1.1866,9.7156,0.717,0.5604,0.4699,1.3986,1.6646,0.486,2.5932,0.6462,0.4009,1.1445,0.7493,0.9513,0.9083,0.7238,1.359,0.4994,0.9554,2.691,2.4571,0.4896,0.4696,1.3675,0.6926,0.7577,0.7593,0.7797,2.6594,0.9934,0.8061,0.5201,1.4198,0.5609,1.0066,0.663,0.3859,0.4617,0.722,0.6642,0.4537,1.3565,1.2259,0.4232,0.5677,0.6799,0.9142,0.7923,0.547,0.6962
TAG49:1-FA17:0,1.3514,1.143,1.3523,1.9928,0.4824,2.586,1.1838,0.6657,0.7622,1.1161,1.1375,2.4926,0.7462,0.9689,0.4473,0.7377,0.4936,11.2729,1.553,3.4049,0.6815,1.153,0.9463,2.5917,0.2536,4.2027,1.651,1.0556,0.4697,0.3009,0.3153,3.6525,1.6918,2.8124,1.2213,3.7558,1.1376,0.6146,0.3617,1.0463,0.3834,0.5851,1.9713,0.2967,3.7422,1.1287,0.9801,0.9988,2.2331,1.0983,1.0746,0.4291,0.453,1.0563,0.9038,0.6421,1.726,0.5639,0.2536,0.5718,0.6561,1.4868,1.4177,0.6763,1.9573,0.5371,1.007,5.9162,2.1103,0.4152,0.6247,2.5726,0.6589,1.0297,0.4911,0.7912,2.3512,0.6235,0.9238,0.9502,2.357,0.5552,1.3275,0.7875,0.2976,0.5428,0.4718,0.4511,0.3032,0.7848,0.4736,0.4856,0.6506,0.4696,0.9643,0.7905,0.4929,0.5999
TAG49:3-FA15:0,1.5673,1.0664,1.4305,22.3041,0.5968,1.5001,1.4309,1.7651,3.0891,2.015,1.1093,10.4196,1.6539,1.2442,0.3719,1.6717,0.4418,2.7196,1.8298,0.6586,0.5261,0.7992,1.6114,1.5843,0.2637,3.0176,1.198,1.1843,0.5073,0.6007,0.2637,0.9673,1.337,0.7562,0.5159,0.9881,8.1629,1.7254,0.5339,3.4355,0.4559,0.8447,0.6779,0.5777,1.2871,1.4452,0.3858,1.0605,1.1926,7.19,0.5615,0.5112,0.429,0.7304,1.6493,0.4641,1.1379,1.09,0.913,1.2698,1.7606,2.6964,1.5222,0.6524,1.6222,0.4903,0.995,2.3379,0.8371,0.4342,0.3392,0.6075,0.964,1.0512,0.3023,0.761,1.4203,0.7912,1.1507,0.7556,1.0833,0.522,0.7081,0.7014,0.5168,0.8486,0.2713,0.676,0.7443,2.3607,0.745,0.6591,1.005,0.864,1.2581,1.2347,0.8805,0.9198
TAG51:2-FA16:1,0.9137,0.6768,1.0159,2.1955,0.5592,1.1877,1.584,0.4671,1.6329,1.4994,0.7592,2.9463,1.1795,0.7586,1.6632,0.7057,0.7215,7.4923,2.8419,1.8982,0.3926,1.1166,0.6562,1.7312,0.1949,5.0608,1.2557,0.7792,0.1949,0.4902,0.2201,3.2075,1.2938,1.5969,1.992,1.8586,1.4817,5.6313,0.3629,1.5088,0.3448,0.4271,1.2417,0.4697,1.9501,1.2823,0.7586,0.9474,1.8195,1.3475,0.5657,0.3943,0.3863,0.6113,1.2339,0.9817,2.3233,0.5652,0.2856,0.7221,0.8374,1.1808,1.2813,0.5038,1.3162,0.5024,1.0063,3.0008,1.6136,0.4657,0.6071,1.7445,0.6989,1.3423,0.3666,0.3916,1.5131,0.6466,1.0173,0.9937,2.3514,0.5529,0.7348,0.4253,0.2957,0.3415,0.257,0.2951,0.2372,1.0093,0.3743,0.6488,1.193,0.6446,1.3864,1.5187,0.5389,0.6588
TAG52:1-FA16:1,2.0526,1.5396,3.4963,0.9574,0.5365,2.9801,2.7032,1.2682,2.5362,1.2652,0.3995,1.5199,1.7799,1.3536,0.6604,1.2513,0.767,14.5971,1.819,0.9966,0.6873,2.2384,2.6123,1.6956,0.2648,9.9599,1.0734,1.1305,0.3748,0.4009,0.2648,1.8112,1.2097,0.8456,0.5405,0.8942,0.7585,1.1636,0.6199,1.1343,0.7421,0.9453,1.5618,0.3351,0.962,1.8186,0.7808,1.2541,0.9285,0.794,0.762,0.5648,0.6971,0.7285,1.5869,0.7257,2.6018,0.586,0.5105,0.8648,0.6379,1.0034,1.2191,0.5396,1.6721,0.831,1.3415,1.155,1.8328,0.3204,0.7012,0.9893,1.1454,1.2314,0.8085,0.7881,1.3248,1.1137,0.9794,0.7074,1.8497,0.9492,0.7162,0.5913,0.3469,0.4195,0.3141,0.6947,0.3897,1.8341,0.3855,0.8184,0.8887,1.0845,1.246,1.0373,1.2082,0.5242
TAG52:2-FA20:1,1.7973,0.7151,1.5821,4.3311,0.8851,1.8913,1.9252,0.9522,1.6311,1.5914,0.8108,4.648,3.8604,0.9985,0.4365,1.3299,0.5777,5.4652,2.3359,1.4186,0.4605,0.8638,1.471,1.1799,0.232,10.2458,1.1197,1.9944,0.4208,0.4248,0.232,1.593,1.1522,1.0989,0.7652,1.4553,1.8463,0.9013,0.6166,1.9193,0.8227,0.7056,1.4316,0.468,1.4007,1.1394,0.465,1.234,1.1717,2.2978,0.5194,0.3913,0.6507,1.4167,0.863,0.5529,3.3493,0.6145,0.4341,0.7538,1.3911,1.141,1.1567,0.5423,1.6114,0.6398,0.9764,1.3911,2.1862,0.2975,0.5042,1.2201,0.8507,0.9538,0.3494,0.7705,3.2105,0.8891,0.7388,0.5516,1.3259,0.4238,0.9024,0.6667,0.4555,0.7231,0.4259,0.7775,0.4664,1.2287,0.5918,0.636,0.6161,0.9623,1.507,0.8885,1.022,0.5812
TAG52:3-FA20:1,1.5356,0.707,1.9089,4.9123,0.8427,1.9377,1.6865,1.1624,2.653,1.8233,0.7764,4.596,3.5472,1.0495,0.4206,1.8468,0.6438,4.3301,3.7147,0.8818,0.2977,1.1955,1.9605,0.8643,0.2977,18.7012,1.1526,1.6016,0.3468,0.4844,0.3481,1.3028,1.1344,0.6201,0.6329,0.988,2.5525,1.3867,0.5824,2.7384,0.9168,0.8562,1.1244,0.6665,0.9895,1.2027,0.3939,1.3131,0.8781,1.7486,0.4328,0.5284,0.586,1.7243,0.8869,0.5623,4.621,0.9503,0.5015,0.8841,1.7687,1.1613,1.3856,0.4119,1.8521,0.5715,1.0316,1.0105,1.4548,0.3257,0.3647,0.7441,0.9729,1.0591,0.3833,0.6219,3.2015,0.8199,0.5952,1.0107,0.9641,0.4853,0.592,0.4853,0.4099,0.6673,0.4048,1.0593,0.5815,2.0154,0.5365,0.8071,0.6893,1.169,2.2102,1.1044,1.36,0.6221
TAG52:6-FA20:4,2.6088,0.7066,2.0571,4.7831,0.5828,1.7335,1.2646,1.1251,1.1044,1.4235,1.8132,3.6354,1.6113,0.6066,0.5994,1.5132,1.0078,2.3824,1.2389,0.4317,0.8132,1.4326,3.3734,1.2812,0.379,1.5395,0.7445,1.8144,0.5912,0.6197,0.7082,1.1533,0.6906,0.4918,1.2107,0.9987,2.0339,2.0925,0.7016,1.8072,1.0893,1.1784,1.0013,0.5567,0.5213,1.3404,0.6489,1.9737,1.9737,2.0031,0.5135,0.615,1.0069,1.1078,0.8147,0.6489,1.048,1.0323,0.7176,2.3586,0.9433,1.2774,2.4696,0.9555,1.4285,0.6577,0.9053,0.5633,0.7066,0.4292,0.5727,0.5746,0.5266,1.6718,1.0342,0.7978,1.3495,1.9467,0.8931,0.7599,0.9031,0.9119,0.568,0.5984,0.8404,0.8041,0.7536,1.2433,0.458,1.4633,0.9404,0.826,1.2063,0.9743,1.211,0.7414,0.379,0.6643
TAG52:7-FA22:6,2.3012,1.0475,1.5751,2.9505,0.7315,1.2242,1.0446,1.6117,1.9511,2.3813,1.0947,3.1892,1.1498,0.8749,0.7717,2.8478,0.9094,2.2642,1.6421,0.6817,0.6575,1.1814,2.7976,0.821,0.376,8.2642,0.8962,1.8989,0.5798,0.7458,0.376,1.4107,1.1033,0.6353,0.5396,1.1564,2.5564,1.1983,0.9994,2.1578,0.8958,1.5525,1.2209,0.6082,0.8145,1.9762,0.4508,2.2856,1.0129,1.5098,0.7015,0.6221,0.3965,1.059,0.9197,0.5186,2.4352,1.3314,0.7126,1.4592,1.0729,2.8321,1.5414,0.6838,2.5909,0.6949,0.9003,0.8704,0.9073,0.4972,0.6213,0.6641,0.7791,0.8704,0.623,0.8856,2.1122,1.6108,0.948,0.8708,0.8412,0.5301,0.8297,0.6057,0.7717,0.5153,0.625,0.7832,0.6148,1.5061,0.7467,0.7105,0.7479,0.9386,1.4822,1.165,0.8584,0.8391
TAG52:8-FA16:1,1.8634,1.1716,1.6298,2.5358,0.5571,1.9261,1.5442,1.3548,1.497,1.1145,0.5234,3.3509,0.8653,0.6891,11.3489,1.2383,0.8958,4.9702,3.3581,1.3909,0.3949,2.6891,0.8309,3.7103,0.2814,3.8892,1.0478,2.6603,0.3533,2.0703,1.2204,1.7508,1.0902,1.4053,2.5308,1.3617,1.5579,1.517,0.4156,1.0228,0.4753,0.5909,1.3343,2.3845,1.4341,1.8595,0.5508,1.3554,1.0057,1.4721,0.5574,0.4409,0.3158,0.7612,0.908,0.5886,1.255,0.917,0.4987,1.6721,0.8165,0.9008,1.7896,1.0828,1.4631,0.4661,0.9943,2.4976,2.7942,0.8545,0.4425,0.988,0.8527,0.8967,0.4805,0.6318,1.9526,1.5525,0.9486,0.8264,1.6899,0.4443,0.7219,0.4803,0.4695,0.4418,0.4706,0.3684,0.2814,1.553,0.9354,0.5538,0.7758,0.4863,0.8345,0.7527,0.5816,2.4084
TAG53:1-FA18:0,2.6845,1.6076,6.5152,26.7573,0.536,3.5064,1.0079,1.7765,0.9468,0.7213,1.4416,8.2675,1.457,1.1552,2.9897,1.736,1.1758,27.8614,7.5857,0.3314,0.4792,2.862,3.2336,1.8683,0.2309,16.2621,0.701,1.6191,0.2336,0.4175,0.3868,0.8293,1.0693,0.528,1.7484,0.4033,5.8973,3.1315,0.654,2.0238,0.8339,0.9376,0.9921,0.695,0.3773,1.5993,0.5779,1.6358,1.2063,4.7824,0.4681,0.5106,0.9111,1.0107,2.0274,0.6933,2.1494,0.5045,0.5983,2.1838,0.6883,1.0563,1.5357,0.605,1.9325,0.8153,1.0635,0.3654,4.0218,0.3481,0.401,0.3596,1.0459,1.2308,1.2975,0.7782,2.9119,2.5538,0.926,0.3811,0.892,0.6685,0.4674,0.307,0.4866,0.2646,0.3653,1.0358,0.2309,2.3942,0.4568,1.2995,0.8534,1.327,1.622,0.6743,0.6571,0.6502
TAG53:5-FA20:4,2.2394,1.1234,2.6762,5.5375,0.6476,1.5612,1.003,1.3949,1.3332,1.6071,0.7137,4.0548,1.5908,0.9714,0.7473,1.5686,1.0,3.2883,1.8741,0.5918,0.5987,1.1728,1.7162,1.0242,0.4334,2.1155,0.7902,1.8179,0.7142,0.7409,0.4358,1.2478,1.0474,0.7172,0.8346,0.5415,2.9077,1.8924,0.9576,1.9506,0.692,0.8075,1.8174,0.6649,0.7473,1.6599,0.5523,2.2828,0.696,1.6165,0.5809,0.6693,0.6905,0.8633,1.272,0.6698,0.4334,1.3751,1.0311,2.4205,1.2517,1.502,1.2127,0.8564,1.7137,0.5168,1.385,0.5405,1.2443,0.5577,0.6293,0.7784,0.6964,1.1624,0.5721,0.9146,2.0346,1.3435,0.8934,1.305,0.6081,0.7512,0.4334,0.4852,1.2591,0.7764,0.8149,0.7838,0.6639,1.2058,0.7315,0.6273,1.0627,0.9635,1.5681,0.9679,0.843,0.5859
TAG54:5-FA22:4,2.9582,0.8877,2.1323,3.6552,0.9365,1.7638,1.3176,1.1802,2.2353,2.8926,0.7964,3.1269,1.2731,1.1688,0.6434,1.7027,0.8364,3.1981,2.2652,0.5608,0.4169,1.5327,2.8783,1.0752,0.3496,7.0476,0.9147,1.6484,0.7756,0.6424,0.5069,1.4694,1.5831,0.6684,0.6772,1.1873,1.9714,1.0645,0.7464,2.2271,0.9235,1.0379,1.2985,0.465,0.593,1.9217,0.4546,1.8405,0.955,1.4015,0.669,0.6889,0.9576,1.1363,1.0314,0.7834,1.7654,1.4947,0.6522,1.2224,1.3836,1.5357,1.7722,0.9342,1.858,0.8666,1.7638,0.6031,1.3787,0.3496,0.5511,0.6531,0.6161,0.9803,0.4045,0.7084,2.1108,1.5828,0.8377,1.0122,0.7256,0.6798,0.7243,0.7948,0.7379,0.7422,0.6323,0.8643,0.4325,1.8898,0.7295,1.0382,0.9387,0.9764,1.5308,0.9089,1.251,0.8962
TAG54:5-FA22:5,2.2496,1.3064,1.7629,2.027,0.7043,1.7905,1.0269,1.1752,2.0627,1.7368,0.8049,2.2479,1.0263,0.861,0.5088,1.252,0.6171,2.9222,1.6297,1.5694,0.8189,0.9427,1.4533,1.1312,0.336,8.0264,0.7132,1.3092,0.4794,0.6534,0.4226,1.1933,1.2173,1.0199,0.8142,1.1597,1.4233,0.8077,0.5929,1.4964,0.8768,1.3516,1.7107,0.6568,0.8932,1.9823,0.6628,1.0039,0.9742,1.2944,0.9991,0.6393,0.7812,1.0348,0.8458,0.9003,1.6667,0.8763,0.705,1.0718,0.8239,1.0021,1.2662,0.8082,1.1626,0.7922,0.9362,0.8039,0.9544,0.336,0.6709,0.9901,0.6154,0.8995,0.6119,0.8388,2.1848,0.8061,1.0009,0.8811,1.0837,0.9729,0.8288,1.0219,0.7857,0.6653,0.4899,0.6756,0.5842,1.3139,0.7826,0.5637,0.8765,1.3209,1.5621,0.7617,0.9579,0.7192
TAG54:7-FA22:6,2.8253,1.0907,1.8968,5.8223,0.6266,1.7147,0.9679,1.3819,1.5584,2.4585,1.049,2.9311,1.5511,0.7217,0.5201,2.0063,0.871,2.5212,1.645,0.596,0.519,1.5757,3.2919,0.878,0.3852,5.4302,0.8363,1.362,0.477,0.5264,0.3852,1.7199,1.073,0.861,0.6661,2.3155,1.8168,1.5127,0.648,1.8872,0.8419,1.084,2.5157,0.4924,0.6878,1.8216,0.5529,1.6447,1.1253,1.8843,0.7759,0.7475,0.6513,1.0041,1.0505,0.624,1.3863,0.8699,0.627,1.2388,1.2488,1.8327,1.7011,0.7088,1.7029,0.6233,1.3892,0.8857,0.9871,0.4427,0.7512,0.6122,0.4976,1.0977,0.6572,0.7412,1.9137,1.6664,0.9668,0.7987,0.8736,0.7342,0.7976,0.7202,1.0542,0.7247,0.5006,0.805,0.4722,1.1895,0.7844,0.7541,0.9959,1.1773,1.4394,0.7855,0.8526,0.5945
TAG54:8-FA20:4,1.7438,0.7588,3.2187,142.9293,0.9035,1.7681,1.23,1.0843,1.8468,1.5611,1.8253,41.1785,2.4173,0.9738,0.5663,1.8,0.5424,1.7799,2.1213,0.6164,0.6468,1.2314,1.6117,1.118,0.4173,2.1906,0.6426,1.7625,0.7822,0.7143,0.7499,1.0534,1.1077,0.5934,1.0417,9.4623,31.3808,2.2679,0.7457,2.3082,1.0454,0.756,1.6066,0.4773,0.5785,0.8843,0.5977,1.8993,1.6431,24.2258,0.6646,0.9377,0.7911,0.9569,4.7354,0.5311,1.1494,1.2112,0.6956,1.0988,1.0262,1.2398,1.8595,0.823,1.334,0.8895,1.0454,0.7021,0.6923,0.4173,0.8112,0.5611,0.6323,1.4314,1.0801,0.6304,1.1686,1.7541,1.1157,0.8347,1.134,0.8525,0.74,0.7279,0.5443,0.8731,0.4965,0.7906,0.8037,2.2632,1.1129,0.7251,0.956,0.7724,1.4112,0.7007,0.7691,0.8637
TAG55:5-FA20:4,2.0814,0.7748,3.072,4.8622,0.4714,1.4351,0.7808,1.34,1.4096,1.4602,1.7362,2.5805,1.3294,1.0097,6.4767,1.2089,1.5738,34.4668,9.6472,0.5174,0.5832,2.027,1.5229,2.2136,0.3783,3.1561,0.836,1.8624,0.5159,1.0853,0.5851,1.1408,1.0527,0.804,4.6626,0.3783,2.7983,13.7335,0.685,1.5024,0.7056,0.999,1.3142,1.001,0.5296,1.0872,0.5615,1.4948,1.2473,1.77,0.5041,0.6607,0.7394,0.69,0.9413,0.7029,1.1663,1.1093,0.7911,2.2901,0.8101,0.9382,1.743,1.0272,1.3404,0.6554,1.3001,0.5239,3.2127,0.5706,0.5626,0.6067,0.7025,1.0694,0.6052,0.6866,2.5885,1.4606,0.9914,0.9078,0.8747,1.0241,0.5459,0.5128,0.8367,0.6976,0.5908,0.6489,0.5554,1.296,1.3416,0.6447,0.9321,0.7976,1.4301,0.8763,0.6056,1.2617
TAG56:5-FA22:5,1.9649,1.1633,1.666,5.344,0.5307,2.0854,1.1727,1.9483,1.8438,1.6971,0.8604,3.8467,1.2449,1.3737,0.4225,1.66,0.4936,2.8096,1.5846,1.3451,0.7285,1.4448,2.0166,1.1975,0.296,10.9646,0.6828,1.6055,0.4662,0.8778,0.3043,0.9912,1.1136,0.9623,0.463,0.9989,1.8772,1.0945,0.9192,2.1736,0.7188,1.2732,1.7262,0.706,0.7545,2.8216,0.674,3.1059,1.0285,1.8027,0.7882,0.5375,0.6714,1.0217,1.2398,0.7111,1.0953,1.1036,0.9178,0.9834,0.632,2.1402,1.5341,0.4445,1.6323,0.9052,0.9763,0.5841,1.5241,0.296,0.6081,0.8153,1.0959,0.8678,0.4873,0.6971,1.7057,1.1687,0.9423,0.7242,0.7202,0.6218,0.7933,0.5415,1.1764,0.6078,0.537,0.7765,0.5461,1.5769,1.0011,0.6252,0.9426,0.9754,1.2281,1.1327,0.9566,0.6974
TAG56:7-FA22:4,3.8152,0.6033,1.8679,2.5973,0.6558,1.8367,2.5413,2.0273,8.2609,5.5567,1.9443,3.8134,1.3077,2.581,0.5067,3.5286,0.5141,3.0714,3.7,0.387,0.3016,0.8336,1.4098,1.1332,0.2311,3.8737,1.1797,3.6481,0.4395,1.1494,0.3329,0.3774,3.7358,0.6913,0.558,0.2822,1.7194,2.0459,0.5536,2.8732,0.8548,1.0883,0.6492,0.3181,0.9121,1.6348,0.2904,2.3788,0.878,1.4553,0.4451,0.3658,0.2311,0.4554,0.7883,0.7871,0.9668,2.6608,1.2699,1.5016,0.8309,2.119,1.8343,1.0917,2.5373,0.6167,1.8068,0.7029,0.4327,0.3503,0.2571,0.4523,1.3228,1.2314,0.2716,0.942,0.8488,0.8404,1.2306,1.1342,0.3812,0.2764,0.578,1.0332,0.6995,0.4447,0.3984,0.7925,0.4467,6.8157,0.6578,0.6013,0.8462,1.9639,1.6378,1.8379,1.0464,1.3899
TAG56:8-FA16:0,1.6082,1.1432,1.6525,2.4858,1.0515,2.5038,1.0402,1.1993,1.9792,1.015,0.4868,3.2704,1.2027,1.5964,0.5877,0.9786,1.4398,6.2288,2.4297,0.9395,0.6706,1.5307,2.3151,0.9381,0.2667,27.8773,1.2,0.8312,0.334,0.4913,0.4309,1.7285,0.9719,0.7599,0.5197,0.8253,1.5653,1.1257,0.4546,2.4463,0.5934,0.9227,1.2995,1.1749,0.8071,1.3488,0.5143,1.5637,0.804,1.2645,0.7388,0.4896,0.8118,1.6655,1.0165,0.4956,4.4726,0.7358,0.3402,1.2017,1.1835,1.2631,0.6514,0.4667,1.9531,0.7822,0.9073,0.9639,1.6684,0.2667,0.6322,0.7777,0.9591,0.9084,0.673,0.9916,4.7711,0.9056,0.6784,0.7187,1.0662,0.5905,0.8317,0.8229,0.5048,0.5702,0.3835,0.7149,0.5027,1.7925,0.5105,0.5304,0.8845,1.2609,2.0694,1.0165,1.0084,0.5043
TAG56:8-FA16:1,1.3192,0.6729,2.1967,5.4796,0.5731,1.284,1.1338,0.9677,1.0748,0.9019,0.9444,5.1888,1.2183,0.6859,0.6514,1.0539,0.7783,2.1973,1.4711,1.7217,1.0918,0.8356,1.2228,1.1173,0.4297,4.7392,1.0669,1.2234,0.5204,0.7528,0.4297,1.9223,1.1202,1.9768,1.042,1.3923,2.0391,0.8209,0.9303,0.4297,0.767,1.1593,2.987,0.5794,1.4637,1.89,0.9518,1.3498,1.0,2.4717,0.8923,0.4399,0.7863,0.7925,0.9393,0.6156,1.5561,0.7863,0.5952,1.0437,0.9223,1.0028,1.4053,0.6241,1.6497,0.9864,1.1729,2.6168,0.8084,0.4444,0.7897,1.5771,0.7823,1.1366,0.568,0.678,1.8486,1.2982,0.6536,0.7738,1.4592,0.7313,0.7443,0.538,0.7313,0.6661,0.6644,0.5879,0.432,0.9666,0.4751,0.6321,0.9269,0.7302,1.2302,0.6349,0.7517,0.5833
TAG56:8-FA18:3,1.9676,1.1097,1.5324,9.1247,0.9433,1.4757,1.8342,1.7207,2.437,1.7612,0.8254,5.1216,1.6185,0.8747,0.5748,2.2338,0.7413,2.298,2.0761,0.6446,0.5592,1.6852,2.3279,1.0031,0.4158,3.7587,0.9539,1.692,0.649,0.5979,0.4158,1.0617,1.5879,0.5667,0.8491,18.4701,2.8959,1.1209,0.6658,1.9133,1.0517,0.8903,1.1777,0.6895,0.5106,1.6185,0.5761,1.2195,0.962,2.4963,0.7232,1.0468,0.7899,1.0,0.9613,0.7219,1.5854,0.9645,0.634,1.6602,1.0156,1.8292,3.4464,0.8466,1.6234,0.8111,1.341,0.6054,1.2095,0.4158,0.601,0.7862,0.7855,1.1415,0.432,1.1746,1.3996,1.0411,0.788,0.8828,0.6502,0.5885,0.8211,0.8691,0.7519,0.8522,0.6933,1.1365,0.8441,1.7506,1.0898,1.1303,0.9233,0.6627,1.1397,1.1091,0.8267,0.6608
TAG58:8-FA20:3,2.2273,0.4945,4.1595,25.0763,0.5954,1.6785,1.1713,1.3478,1.4818,1.5793,0.8388,11.6166,2.1874,0.7735,0.8202,2.3155,0.8617,2.7396,4.7082,0.4945,1.6209,1.7947,2.1866,1.4902,0.4945,4.4784,0.9237,2.285,0.6785,0.9457,0.5115,1.0,7.0466,0.542,0.9958,0.7668,9.2935,1.0551,0.7625,2.7939,0.7863,0.983,1.894,1.2358,0.7566,1.2807,0.7362,1.9703,1.162,6.3766,1.0042,0.6811,0.7676,0.8719,2.4249,0.7871,0.4945,1.5377,0.7057,1.2595,1.0729,1.5106,3.0144,0.9712,6.95,1.0789,0.9729,0.8007,0.9525,0.4945,0.9593,0.7354,1.1578,0.9627,0.6277,1.0848,2.2349,0.9966,0.8015,1.3893,0.7863,0.8405,0.9042,0.8533,0.8897,0.81,0.8762,0.6624,0.4945,1.0984,0.4945,0.6327,0.9712,1.0068,0.4945,0.4945,0.771,0.8626
TAG60:11-FA22:5,2.0495,1.5455,3.0615,11.0288,0.8427,1.6462,1.3554,1.8131,2.1174,1.766,0.8267,5.3986,1.3123,0.8243,0.869,2.611,1.0,2.2572,1.8794,0.5543,0.8522,1.48,2.75,1.4888,0.3946,3.7212,0.7676,2.0719,0.8219,0.6733,0.3946,0.8586,1.2628,0.5679,0.7404,0.635,4.7053,1.3522,0.9329,1.6126,0.6829,1.6965,1.9529,0.5455,0.7572,2.2843,0.5847,1.7252,1.1102,3.3626,0.9073,0.9944,0.3946,1.4281,1.4864,0.6502,1.7883,1.1925,0.8355,1.5192,1.103,1.5807,1.5639,0.7835,1.758,0.9273,1.0799,0.627,0.6917,0.3946,0.7732,0.7732,0.3946,1.4345,0.599,0.9401,1.2181,1.0703,0.8914,0.9081,0.6022,0.7436,0.8339,0.8762,1.0751,0.6845,0.8099,0.9169,0.4465,1.4856,1.0447,0.5327,0.8395,0.9792,0.9329,1.0982,0.9864,0.8466
TAG60:11-FA22:6,1.8241,1.0324,2.2531,11.7311,0.8423,1.4971,1.0274,1.2913,1.8257,1.4747,0.9261,5.0905,1.7643,0.9137,0.9519,2.3112,0.732,2.073,1.9776,0.7859,0.8606,1.6465,1.6407,1.0747,0.4523,3.6598,0.4523,1.8763,0.6747,0.7378,0.4523,1.2324,1.0589,0.5743,1.1054,0.8249,4.7992,0.9859,0.8772,0.4523,0.7859,1.3577,3.9618,0.5469,0.8423,1.7909,0.644,1.1494,1.034,4.6788,0.8963,0.7079,0.7212,0.9087,0.4523,0.6066,1.7228,1.195,0.4606,1.249,0.4523,1.2199,1.6564,0.6166,1.3851,0.8473,1.1378,0.5983,0.4523,0.6174,0.7535,0.9162,0.7759,0.4523,0.9627,0.7568,1.7967,1.0755,0.9419,0.8415,1.1286,0.8083,0.7253,0.8166,1.6871,0.6929,0.9942,1.0,0.5378,1.3344,0.8448,0.6739,0.8315,1.4365,0.4523,0.8946,0.5685,0.6249
